countyFIPS,STATE,County.Name.x,POPEST2018
78999,VI,US Virgin Islands,106235
60999,AS,American Samoa,49437
66999,GU,Guam,168485
69999,MP,Northern Mariana Islands,51433
72999,PR,Puerto Rico,3189068
36071,NY,Orange County,381951
51059,VA,Fairfax County,1150795
6037,CA,Los Angeles County,10105518
36119,NY,Westchester County,967612
36027,NY,Dutchess County,293718
48201,TX,Harris County,4698619
6059,CA,Orange County,3185968
36087,NY,Rockland County,325695
4013,AZ,Maricopa County,4410824
17031,IL,Cook County,5180493
36103,NY,Suffolk County,1481093
36111,NY,Ulster County,178599
6073,CA,San Diego County,3343364
37183,NC,Wake County,1092305
48029,TX,Bexar County,1986049
48085,TX,Collin County,1005146
48113,TX,Dallas County,2637772
12095,FL,Orange County,1380645
12011,FL,Broward County,1951260
24031,MD,Montgomery County,1052567
51153,VA,Prince William County,468011
12057,FL,Hillsborough County,1436888
36059,NY,Nassau County,1358343
37119,NC,Mecklenburg County,1093901
48121,TX,Denton County,859064
24003,MD,Anne Arundel County,576031
29189,MO,St. Louis County,996945
53033,WA,King County,2233163
36105,NY,Sullivan County,75498
42029,PA,Chester County,522046
1089,AL,Madison County,366519
24033,MD,Prince George's County,909308
36061,NY,New York County,1628701
36081,NY,Queens County,2278906
6065,CA,Riverside County,2450758
42003,PA,Allegheny County,1218452
15003,HI,Honolulu County,980080
32003,NV,Clark County,2231647
48453,TX,Travis County,1248743
24025,MD,Harford County,253956
36079,NY,Putnam County,98892
11001,DC,District of Columbia,702455
1073,AL,Jefferson County,659300
36067,NY,Onondaga County,461809
42017,PA,Bucks County,628195
6067,CA,Sacramento County,1540975
6071,CA,San Bernardino County,2171603
8041,CO,El Paso County,713856
13067,GA,Cobb County,756865
13121,GA,Fulton County,1050114
13135,GA,Gwinnett County,927781
16001,ID,Ada County,469966
17043,IL,DuPage County,928589
24027,MD,Howard County,323196
26125,MI,Oakland County,1259201
36029,NY,Erie County,919719
13089,GA,DeKalb County,756558
17097,IL,Lake County,700832
27053,MN,Hennepin County,1259428
42091,PA,Montgomery County,828604
48439,TX,Tarrant County,2084931
51061,VA,Fauquier County,70675
51107,VA,Loudoun County,406850
6085,CA,Santa Clara County,1937570
12103,FL,Pinellas County,975280
26163,MI,Wayne County,1753893
39035,OH,Cuyahoga County,1243857
12086,FL,Miami-Dade County,2761581
24005,MD,Baltimore County,828431
29183,MO,St. Charles County,399182
37051,NC,Cumberland County,332330
42045,PA,Delaware County,564751
42101,PA,Philadelphia County,1584138
45019,SC,Charleston County,405905
6013,CA,Contra Costa County,1150215
13057,GA,Cherokee County,254149
13215,GA,Muscogee County,194160
36005,NY,Bronx County,1432132
36055,NY,Monroe County,742474
37093,NC,Hoke County,54764
42133,PA,York County,448273
45079,SC,Richland County,414576
53061,WA,Snohomish County,814901
51810,VA,Virginia Beach city,450189
8005,CO,Arapahoe County,651215
12009,FL,Brevard County,596849
12099,FL,Palm Beach County,1485941
12109,FL,St. Johns County,254261
24021,MD,Frederick County,255648
40109,OK,Oklahoma County,792582
48157,TX,Fort Bend County,787858
4019,AZ,Pima County,1039073
12071,FL,Lee County,754610
12101,FL,Pasco County,539630
12117,FL,Seminole County,467832
13117,GA,Forsyth County,236612
20091,KS,Johnson County,597555
42103,PA,Pike County,55933
45045,SC,Greenville County,514213
53053,WA,Pierce County,891299
8059,CO,Jefferson County,580233
12021,FL,Collier County,378488
17197,IL,Will County,692310
36047,NY,Kings County,2582830
36085,NY,Richmond County,476179
37081,NC,Guilford County,533670
42077,PA,Lehigh County,368100
47037,TN,Davidson County,692587
48339,TX,Montgomery County,590925
6029,CA,Kern County,896764
10003,DE,New Castle County,559335
12087,FL,Monroe County,75027
12115,FL,Sarasota County,426718
36001,NY,Albany County,307117
39049,OH,Franklin County,1310300
42011,PA,Berks County,420152
42041,PA,Cumberland County,251423
48141,TX,El Paso County,840758
49035,UT,Salt Lake County,1152633
53063,WA,Spokane County,514631
53067,WA,Thurston County,286419
8031,CO,Denver County,716492
8035,CO,Douglas County,342776
12031,FL,Duval County,950181
12105,FL,Polk County,708009
13151,GA,Henry County,230220
20103,KS,Leavenworth County,81352
21111,KY,Jefferson County,770517
26081,MI,Kent County,653786
27163,MN,Washington County,259201
31055,NE,Douglas County,566880
37067,NC,Forsyth County,379099
39061,OH,Hamilton County,816684
41051,OR,Multnomah County,811880
45051,SC,Horry County,344147
47125,TN,Montgomery County,205950
47157,TN,Shelby County,935764
48027,TX,Bell County,355642
48167,TX,Galveston County,337890
49049,UT,Utah County,622213
51041,VA,Chesterfield County,348556
53011,WA,Clark County,481857
51830,VA,Williamsburg city,14896
5119,AR,Pulaski County,392680
6061,CA,Placer County,393149
6075,CA,San Francisco County,883305
12073,FL,Leon County,292502
12081,FL,Manatee County,394855
13051,GA,Chatham County,289195
13247,GA,Rockdale County,90594
18081,IN,Johnson County,156225
39093,OH,Lorain County,309461
39165,OH,Warren County,232173
41067,OR,Washington County,597695
42079,PA,Luzerne County,317646
47065,TN,Hamilton County,364286
48397,TX,Rockwall County,100657
2020,AK,Anchorage Municipality,291538
51510,VA,Alexandria city,160530
1083,AL,Limestone County,96174
6095,CA,Solano County,446610
12085,FL,Martin County,160912
18003,IN,Allen County,375351
19163,IA,Scott County,173283
20173,KS,Sedgwick County,513607
26139,MI,Ottawa County,290494
27003,MN,Anoka County,353813
27109,MN,Olmsted County,156277
32031,NV,Washoe County,465735
37025,NC,Cabarrus County,211342
37135,NC,Orange County,146027
37179,NC,Union County,235908
39097,OH,Madison County,44413
39153,OH,Summit County,541918
42007,PA,Beaver County,164742
42049,PA,Erie County,272061
42095,PA,Northampton County,304807
47021,TN,Cheatham County,40439
47187,TN,Williamson County,231729
48039,TX,Brazoria County,370200
48041,TX,Brazos County,226758
48355,TX,Nueces County,362265
48423,TX,Smith County,230221
51075,VA,Goochland County,23244
51121,VA,Montgomery County,98985
51179,VA,Stafford County,149960
55025,WI,Dane County,542364
51550,VA,Chesapeake city,242634
1011,AL,Bullock County,10138
1031,AL,Coffee County,51909
5143,AR,Washington County,236961
6001,CA,Alameda County,1666753
6019,CA,Fresno County,994400
6053,CA,Monterey County,435594
6077,CA,San Joaquin County,752660
6081,CA,San Mateo County,769545
6111,CA,Ventura County,850967
10005,DE,Sussex County,229286
12001,FL,Alachua County,269956
12083,FL,Marion County,359977
12127,FL,Volusia County,547538
17019,IL,Champaign County,209983
17093,IL,Kendall County,127915
17099,IL,LaSalle County,109430
24013,MD,Carroll County,168429
26093,MI,Livingston County,191224
26099,MI,Macomb County,874759
26115,MI,Monroe County,150439
27019,MN,Carver County,103551
27137,MN,St. Louis County,199754
28049,MS,Hinds County,237085
29047,MO,Clay County,246365
30063,MT,Missoula County,118791
35001,NM,Bernalillo County,678701
36045,NY,Jefferson County,111755
37071,NC,Gaston County,222846
37129,NC,New Hanover County,232274
39017,OH,Butler County,382378
39113,OH,Montgomery County,532331
40027,OK,Cleveland County,281669
40143,OK,Tulsa County,648360
41005,OR,Clackamas County,416075
42019,PA,Butler County,187888
42089,PA,Monroe County,169507
45013,SC,Beaufort County,188715
45091,SC,York County,274118
22005,LA,Ascension Parish,124672
22033,LA,East Baton Rouge Parish,440956
24510,MD,Baltimore city,602495
51610,VA,Falls Church city,14772
51800,VA,Suffolk city,91185
1097,AL,Mobile County,413757
4021,AZ,Pinal County,447138
5045,AR,Faulkner County,124806
6041,CA,Marin County,259666
6083,CA,Santa Barbara County,446527
8001,CO,Adams County,511868
8069,CO,Larimer County,350518
12053,FL,Hernando County,190865
13011,GA,Banks County,18988
13063,GA,Clayton County,289615
13097,GA,Douglas County,145331
13145,GA,Harris County,34475
15007,HI,Kauai County,72133
17089,IL,Kane County,534216
17113,IL,McLean County,172828
17167,IL,Sangamon County,195348
18051,IN,Gibson County,33452
18057,IN,Hamilton County,330086
19103,IA,Johnson County,151260
19153,IA,Polk County,487204
21093,KY,Hardin County,110356
24015,MD,Cecil County,102826
26021,MI,Berrien County,154141
26025,MI,Calhoun County,134487
26089,MI,Leelanau County,21764
26161,MI,Washtenaw County,370963
27037,MN,Dakota County,425423
27123,MN,Ramsey County,550210
29165,MO,Platte County,102985
36109,NY,Tompkins County,102793
37125,NC,Moore County,98682
39041,OH,Delaware County,204826
39057,OH,Greene County,167995
39099,OH,Mahoning County,229642
39133,OH,Portage County,162927
39141,OH,Ross County,76931
40031,OK,Comanche County,120422
42027,PA,Centre County,162805
42043,PA,Dauphin County,277097
42071,PA,Lancaster County,543557
42129,PA,Westmoreland County,350611
45007,SC,Anderson County,200482
45015,SC,Berkeley County,221091
45085,SC,Sumter County,106512
47009,TN,Blount County,131349
47093,TN,Knox County,465289
47107,TN,McMinn County,53285
47149,TN,Rutherford County,324890
49057,UT,Weber County,256359
53005,WA,Benton County,201877
54061,WV,Monongalia County,106420
55089,WI,Ozaukee County,89147
55133,WI,Waukesha County,403072
51540,VA,Charlottesville city,48117
51740,VA,Portsmouth city,94632
1081,AL,Lee County,163941
5007,AR,Benton County,272608
5131,AR,Sebastian County,127753
6017,CA,El Dorado County,190678
6039,CA,Madera County,157672
6101,CA,Sutter County,96807
6113,CA,Yolo County,220408
8015,CO,Chaffee County,20027
8039,CO,Elbert County,26282
10001,DE,Kent County,178550
12005,FL,Bay County,185287
12015,FL,Charlotte County,184998
12061,FL,Indian River County,157413
12089,FL,Nassau County,85832
12113,FL,Santa Rosa County,179349
12131,FL,Walton County,71375
13053,GA,Chattahoochee County,10684
13073,GA,Columbia County,154291
13077,GA,Coweta County,145864
13111,GA,Fannin County,25964
13113,GA,Fayette County,113459
13245,GA,Richmond County,201554
16055,ID,Kootenai County,161505
16079,ID,Shoshone County,12796
17119,IL,Madison County,264461
17143,IL,Peoria County,180621
17163,IL,St. Clair County,261059
18011,IN,Boone County,66999
18097,IN,Marion County,954670
18105,IN,Monroe County,146917
18141,IN,St. Joseph County,270771
18181,IN,White County,24133
20161,KS,Riley County,73703
21117,KY,Kenton County,166051
21137,KY,Lincoln County,24644
24037,MD,St. Mary's County,112664
24043,MD,Washington County,150926
26005,MI,Allegan County,117327
26049,MI,Genesee County,406892
26065,MI,Ingham County,292735
26075,MI,Jackson County,158823
28033,MS,DeSoto County,182001
28035,MS,Forrest County,75036
28047,MS,Harrison County,206650
28089,MS,Madison County,105630
29095,MO,Jackson County,700307
31109,NE,Lancaster County,317272
35013,NM,Doña Ana County,217522
36011,NY,Cayuga County,77145
36013,NY,Chautauqua County,127939
36053,NY,Madison County,70795
36065,NY,Oneida County,229577
36091,NY,Saratoga County,230163
36093,NY,Schenectady County,155350
37063,NC,Durham County,316739
37085,NC,Harnett County,134214
37127,NC,Nash County,94016
37159,NC,Rowan County,141262
38017,ND,Cass County,181516
39021,OH,Champaign County,38754
39045,OH,Fairfield County,155782
39085,OH,Lake County,230514
39089,OH,Licking County,175769
39095,OH,Lucas County,429899
39151,OH,Stark County,371574
39173,OH,Wood County,130696
41019,OR,Douglas County,110283
41029,OR,Jackson County,219564
42001,PA,Adams County,102811
42069,PA,Lackawanna County,210793
42081,PA,Lycoming County,113664
42111,PA,Somerset County,73952
42125,PA,Washington County,207346
45063,SC,Lexington County,295032
45083,SC,Spartanburg County,313888
46101,SD,Moody County,6579
47047,TN,Fayette County,40507
47163,TN,Sullivan County,157668
47165,TN,Sumner County,187149
48209,TX,Hays County,222631
49011,UT,Davis County,351713
49043,UT,Summit County,41933
51177,VA,Spotsylvania County,134238
51199,VA,York County,67846
54019,WV,Fayette County,43018
54037,WV,Jefferson County,56811
55039,WI,Fond du Lac County,103066
55063,WI,La Crosse County,118230
55087,WI,Outagamie County,187365
55117,WI,Sheboygan County,115456
22037,LA,East Feliciana Parish,19305
22051,LA,Jefferson Parish,434051
22081,LA,Red River Parish,8477
22089,LA,St. Charles Parish,52879
22103,LA,St. Tammany Parish,258111
51710,VA,Norfolk city,244076
51760,VA,Richmond city,228783
1003,AL,Baldwin County,218022
1045,AL,Dale County,48956
1051,AL,Elmore County,81887
1101,AL,Montgomery County,225763
4003,AZ,Cochise County,126770
4025,AZ,Yavapai County,231993
4027,AZ,Yuma County,212128
5145,AR,White County,78727
6007,CA,Butte County,231256
6047,CA,Merced County,274765
6079,CA,San Luis Obispo County,284010
6089,CA,Shasta County,180040
8013,CO,Boulder County,326078
8014,CO,Broomfield County,69267
8037,CO,Eagle County,54993
8101,CO,Pueblo County,167529
8113,CO,San Miguel County,8191
8123,CO,Weld County,314305
12019,FL,Clay County,216072
12111,FL,St. Lucie County,321128
13029,GA,Bryan County,38109
13035,GA,Butts County,24193
13045,GA,Carroll County,118121
13127,GA,Glynn County,85219
13139,GA,Hall County,202148
13147,GA,Hart County,26099
13179,GA,Liberty County,61497
13255,GA,Spalding County,66100
13297,GA,Walton County,93503
15001,HI,Hawaii County,200983
15009,HI,Maui County,167207
16017,ID,Bonner County,44727
16043,ID,Fremont County,13168
17067,IL,Hancock County,17844
17077,IL,Jackson County,57419
17083,IL,Jersey County,21847
17147,IL,Piatt County,16396
17161,IL,Rock Island County,143477
17179,IL,Tazewell County,132328
18063,IN,Hendricks County,167009
18095,IN,Madison County,129641
18109,IN,Morgan County,70116
18157,IN,Tippecanoe County,193048
18163,IN,Vanderburgh County,180974
19113,IA,Linn County,225909
19115,IA,Louisa County,11169
19155,IA,Pottawattamie County,93533
19169,IA,Story County,98105
20087,KS,Jefferson County,18975
21015,KY,Boone County,131533
21037,KY,Campbell County,93152
21067,KY,Fayette County,323780
21173,KY,Montgomery County,28203
24009,MD,Calvert County,92003
24035,MD,Queen Anne's County,50251
26015,MI,Barry County,61157
26017,MI,Bay County,103923
26077,MI,Kalamazoo County,264870
26121,MI,Muskegon County,173588
26147,MI,St. Clair County,159337
27139,MN,Scott County,147381
28135,MS,Tallahatchie County,13987
29001,MO,Adair County,25339
29109,MO,Lawrence County,38359
29119,MO,McDonald County,23078
29169,MO,Pulaski County,52014
29187,MO,St. Francois County,66692
30029,MT,Flathead County,102106
30031,MT,Gallatin County,111876
30043,MT,Jefferson County,12097
31153,NE,Sarpy County,184459
35041,NM,Roosevelt County,18743
35043,NM,Sandoval County,145179
36039,NY,Greene County,47491
36069,NY,Ontario County,109864
36115,NY,Washington County,61197
37019,NC,Brunswick County,136744
37031,NC,Carteret County,69524
37059,NC,Davie County,42733
37087,NC,Haywood County,61971
37097,NC,Iredell County,178435
37101,NC,Johnston County,202675
37103,NC,Jones County,9637
37151,NC,Randolph County,143351
39023,OH,Clark County,134585
39025,OH,Clermont County,205466
39027,OH,Clinton County,42057
39043,OH,Erie County,74615
39063,OH,Hancock County,75930
39109,OH,Miami County,106222
39155,OH,Trumbull County,198627
39157,OH,Tuscarawas County,92176
39169,OH,Wayne County,115967
41039,OR,Lane County,379611
42013,PA,Blair County,122492
42033,PA,Clearfield County,79388
42063,PA,Indiana County,84501
42073,PA,Lawrence County,86184
42075,PA,Lebanon County,141314
42087,PA,Mifflin County,46222
42097,PA,Northumberland County,91083
42127,PA,Wayne County,51276
45043,SC,Georgetown County,62249
45055,SC,Kershaw County,65592
45059,SC,Laurens County,66994
45073,SC,Oconee County,78374
45075,SC,Orangeburg County,86934
46099,SD,Minnehaha County,192876
47063,TN,Hamblen County,64569
47155,TN,Sevier County,97892
48019,TX,Bandera County,22824
48021,TX,Bastrop County,86976
48053,TX,Burnet County,47542
48091,TX,Comal County,148373
48099,TX,Coryell County,74808
48135,TX,Ector County,162124
48139,TX,Ellis County,179436
48187,TX,Guadalupe County,163694
48215,TX,Hidalgo County,865939
48259,TX,Kendall County,45641
48297,TX,Live Oak County,12166
48309,TX,McLennan County,254607
48349,TX,Navarro County,49565
48367,TX,Parker County,138371
48485,TX,Wichita County,132064
48491,TX,Williamson County,566719
49053,UT,Washington County,171700
51013,VA,Arlington County,237521
51015,VA,Augusta County,75457
51047,VA,Culpeper County,51859
51145,VA,Powhatan County,29189
51161,VA,Roanoke County,94073
51193,VA,Westmoreland County,17830
53007,WA,Chelan County,77036
53009,WA,Clallam County,76737
53035,WA,Kitsap County,269805
54001,WV,Barbour County,16535
54049,WV,Marion County,56097
54055,WV,Mercer County,59131
55009,WI,Brown County,263378
55059,WI,Kenosha County,169290
55071,WI,Manitowoc County,79074
55073,WI,Marathon County,135428
55079,WI,Milwaukee County,948201
2122,AK,Kenai Peninsula Borough,58533
2170,AK,Matanuska-Susitna Borough,107610
22015,LA,Bossier Parish,127185
22017,LA,Caddo Parish,242922
22029,LA,Concordia Parish,19572
22043,LA,Grant Parish,22482
22049,LA,Jackson Parish,15902
22055,LA,Lafayette Parish,242782
22061,LA,Lincoln Parish,47196
22063,LA,Livingston Parish,139567
22071,LA,Orleans Parish,391006
22087,LA,St. Bernard Parish,46721
22095,LA,St. John the Baptist Parish,43184
22099,LA,St. Martin Parish,53621
22105,LA,Tangipahoa Parish,133777
22115,LA,Vernon Parish,48860
22117,LA,Washington Parish,46582
22127,LA,Winn Parish,14134
29510,MO,St. Louis city,302838
51700,VA,Newport News city,178626
1015,AL,Calhoun County,114277
1017,AL,Chambers County,33615
1021,AL,Chilton County,44153
1035,AL,Conecuh County,12277
1049,AL,DeKalb County,71385
1065,AL,Hale County,14726
1067,AL,Henry County,17209
1069,AL,Houston County,104722
1071,AL,Jackson County,51736
1113,AL,Russell County,57781
1115,AL,St. Clair County,88690
1123,AL,Tallapoosa County,40497
4005,AZ,Coconino County,142854
4012,AZ,La Paz County,21098
4015,AZ,Mohave County,209550
4017,AZ,Navajo County,110445
5015,AR,Carroll County,28223
5023,AR,Cleburne County,24965
5029,AR,Conway County,20891
5051,AR,Garland County,99154
5055,AR,Greene County,45325
5069,AR,Jefferson County,68114
5083,AR,Logan County,21737
5103,AR,Ouachita County,23606
6005,CA,Amador County,39383
6033,CA,Lake County,64382
6043,CA,Mariposa County,17471
6055,CA,Napa County,139417
6069,CA,San Benito County,61537
6097,CA,Sonoma County,499942
6099,CA,Stanislaus County,549815
6107,CA,Tulare County,465861
8003,CO,Alamosa County,16683
8107,CO,Routt County,25733
8119,CO,Teller County,25083
12033,FL,Escambia County,315534
12037,FL,Franklin County,11736
12051,FL,Hendry County,41556
12059,FL,Holmes County,19477
12069,FL,Lake County,356495
12091,FL,Okaloosa County,207269
12097,FL,Osceola County,367990
12119,FL,Sumter County,128754
12121,FL,Suwannee County,44191
12123,FL,Taylor County,21623
13015,GA,Bartow County,106408
13055,GA,Chattooga County,24790
13059,GA,Clarke County,127330
13071,GA,Colquitt County,45592
13081,GA,Crisp County,22601
13085,GA,Dawson County,25083
13103,GA,Effingham County,62190
13129,GA,Gordon County,57685
13133,GA,Greene County,17698
13149,GA,Heard County,11879
13153,GA,Houston County,155469
13157,GA,Jackson County,70422
13169,GA,Jones County,28616
13171,GA,Lamar County,19000
13183,GA,Long County,18998
13207,GA,Monroe County,27520
13211,GA,Morgan County,18853
13219,GA,Oconee County,39272
13223,GA,Paulding County,164044
13275,GA,Thomas County,44448
13295,GA,Walker County,69410
13299,GA,Ware County,35680
13305,GA,Wayne County,29808
16057,ID,Latah County,40134
16077,ID,Power County,7768
17007,IL,Boone County,53577
17041,IL,Douglas County,19479
17049,IL,Effingham County,34208
17057,IL,Fulton County,34844
17111,IL,McHenry County,308570
17121,IL,Marion County,37620
17199,IL,Williamson County,67056
18005,IN,Bartholomew County,82753
18019,IN,Clark County,117360
18021,IN,Clay County,26170
18023,IN,Clinton County,32250
18027,IN,Daviess County,33147
18031,IN,Decatur County,26794
18035,IN,Delaware County,114772
18037,IN,Dubois County,42565
18039,IN,Elkhart County,205560
18043,IN,Floyd County,77781
18049,IN,Fulton County,20092
18059,IN,Hancock County,76351
18069,IN,Huntington County,36240
18071,IN,Jackson County,44111
18085,IN,Kosciusko County,79344
18089,IN,Lake County,484411
18099,IN,Marshall County,46248
18111,IN,Newton County,14011
18125,IN,Pike County,12410
18135,IN,Randolph County,24851
18139,IN,Rush County,16663
18145,IN,Shelby County,44593
18173,IN,Warrick County,62567
19015,IA,Boone County,26346
19017,IA,Bremer County,24947
19049,IA,Dallas County,90180
19061,IA,Dubuque County,96854
19081,IA,Hancock County,10712
19087,IA,Henry County,20067
19097,IA,Jackson County,19432
19119,IA,Lyon County,11811
19149,IA,Plymouth County,25095
19193,IA,Woodbury County,102539
20011,KS,Bourbon County,14653
20015,KS,Butler County,66765
20019,KS,Chautauqua County,3309
20035,KS,Cowley County,35218
20045,KS,Douglas County,121436
20059,KS,Franklin County,25631
20061,KS,Geary County,32594
20079,KS,Harvey County,34210
20125,KS,Montgomery County,32120
20175,KS,Seward County,21780
20197,KS,Wabaunsee County,6899
20209,KS,Wyandotte County,165324
21011,KY,Bath County,12383
21029,KY,Bullitt County,81069
21059,KY,Daviess County,101104
21073,KY,Franklin County,50815
21083,KY,Graves County,37317
21107,KY,Hopkins County,45068
21121,KY,Knox County,31304
21123,KY,Larue County,14307
21151,KY,Madison County,92368
21157,KY,Marshall County,31191
21163,KY,Meade County,28715
21185,KY,Oldham County,66470
21199,KY,Pulaski County,64623
21211,KY,Shelby County,48518
21219,KY,Todd County,12311
21235,KY,Whitley County,36242
24001,MD,Allegany County,70975
24019,MD,Dorchester County,31998
24039,MD,Somerset County,25675
24041,MD,Talbot County,36968
24045,MD,Wicomico County,103195
26011,MI,Arenac County,15041
26019,MI,Benzie County,17753
26037,MI,Clinton County,79332
26055,MI,Grand Traverse County,92573
26057,MI,Gratiot County,40599
26067,MI,Ionia County,64210
26069,MI,Iosco County,25081
26079,MI,Kalkaska County,17824
26087,MI,Lapeer County,88028
26091,MI,Lenawee County,98266
26105,MI,Mason County,29100
26111,MI,Midland County,83209
26135,MI,Oscoda County,8276
26145,MI,Saginaw County,190800
26155,MI,Shiawassee County,68192
26157,MI,Tuscola County,52516
27013,MN,Blue Earth County,67427
27027,MN,Clay County,63955
27049,MN,Goodhue County,46403
27059,MN,Isanti County,39966
27131,MN,Rice County,66523
27145,MN,Stearns County,159256
28031,MS,Covington County,18853
28059,MS,Jackson County,143277
28087,MS,Lowndes County,58930
28099,MS,Neshoba County,29125
28105,MS,Oktibbeha County,49599
28107,MS,Panola County,34178
28115,MS,Pontotoc County,31833
28127,MS,Simpson County,26758
28149,MS,Warren County,46176
29003,MO,Andrew County,17607
29005,MO,Atchison County,5171
29013,MO,Bates County,16320
29027,MO,Callaway County,44889
29031,MO,Cape Girardeau County,78753
29055,MO,Crawford County,23957
29057,MO,Dade County,7569
29073,MO,Gasconade County,14705
29077,MO,Greene County,291923
29099,MO,Jefferson County,224347
29101,MO,Johnson County,53652
29115,MO,Linn County,12037
29143,MO,New Madrid County,17296
29159,MO,Pettis County,42542
29167,MO,Polk County,32201
29173,MO,Ralls County,10212
29217,MO,Vernon County,20528
30013,MT,Cascade County,81643
30047,MT,Lake County,30250
30049,MT,Lewis and Clark County,68700
30067,MT,Park County,16736
30107,MT,Wheatland County,2236
31025,NE,Cass County,26159
31101,NE,Keith County,8021
31111,NE,Lincoln County,35185
31127,NE,Nemaha County,6958
31139,NE,Pierce County,7142
31175,NE,Valley County,4190
31185,NE,York County,13772
32007,NV,Elko County,52460
32019,NV,Lyon County,55808
32023,NV,Nye County,45346
32029,NV,Storey County,4029
33001,NH,Belknap County,61022
34025,NJ,Monmouth County,621354
35017,NM,Grant County,27346
35025,NM,Lea County,69611
35027,NM,Lincoln County,19556
35045,NM,San Juan County,125043
35049,NM,Santa Fe County,150056
36007,NY,Broome County,191659
36015,NY,Chemung County,84254
36025,NY,Delaware County,44527
36035,NY,Fulton County,53591
36041,NY,Hamilton County,4434
36049,NY,Lewis County,26447
36077,NY,Otsego County,59749
36083,NY,Rensselaer County,159442
36097,NY,Schuyler County,17912
36099,NY,Seneca County,34300
36101,NY,Steuben County,95796
36107,NY,Tioga County,48560
36117,NY,Wayne County,90064
37001,NC,Alamance County,166436
37003,NC,Alexander County,37353
37011,NC,Avery County,17505
37013,NC,Beaufort County,47079
37029,NC,Camden County,10710
37033,NC,Caswell County,22698
37037,NC,Chatham County,73139
37041,NC,Chowan County,14029
37053,NC,Currituck County,27072
37055,NC,Dare County,36501
37057,NC,Davidson County,166614
37079,NC,Greene County,21012
37089,NC,Henderson County,116748
37109,NC,Lincoln County,83770
37131,NC,Northampton County,19676
37133,NC,Onslow County,197683
37141,NC,Pender County,62162
37145,NC,Person County,39507
37147,NC,Pitt County,179914
37157,NC,Rockingham County,90690
37167,NC,Stanly County,62075
37169,NC,Stokes County,45467
37197,NC,Yadkin County,37543
38005,ND,Benson County,6962
38041,ND,Hettinger County,2514
38059,ND,Morton County,31095
38071,ND,Ramsey County,11481
38089,ND,Stark County,30997
38101,ND,Ward County,67744
38103,ND,Wells County,3957
39005,OH,Ashland County,53745
39011,OH,Auglaize County,45804
39019,OH,Carroll County,27081
39033,OH,Crawford County,41550
39055,OH,Geauga County,94031
39069,OH,Henry County,27086
39091,OH,Logan County,45358
39117,OH,Morrow County,35112
39123,OH,Ottawa County,40769
39135,OH,Preble County,40997
39147,OH,Seneca County,55207
39161,OH,Van Wert County,28281
39171,OH,Williams County,36804
40017,OK,Canadian County,144447
40021,OK,Cherokee County,48675
40037,OK,Creek County,71604
40065,OK,Jackson County,24949
40087,OK,McClain County,39985
40097,OK,Mayes County,41107
40101,OK,Muskogee County,68362
40131,OK,Rogers County,91984
40133,OK,Seminole County,24578
40135,OK,Sequoyah County,41179
40145,OK,Wagoner County,80110
40147,OK,Washington County,51843
41035,OR,Klamath County,67653
41047,OR,Marion County,346868
42009,PA,Bedford County,48176
42025,PA,Carbon County,64227
42037,PA,Columbia County,65456
42039,PA,Crawford County,85063
42047,PA,Elk County,30169
42051,PA,Fayette County,130441
42055,PA,Franklin County,154835
42057,PA,Fulton County,14523
42061,PA,Huntingdon County,45168
42067,PA,Juniata County,24704
42085,PA,Mercer County,110683
42099,PA,Perry County,46139
42107,PA,Schuylkill County,142067
42115,PA,Susquehanna County,40589
42121,PA,Venango County,51266
45001,SC,Abbeville County,24541
45003,SC,Aiken County,169401
45021,SC,Cherokee County,57078
45025,SC,Chesterfield County,45754
45031,SC,Darlington County,66802
45039,SC,Fairfield County,22402
45041,SC,Florence County,138159
45061,SC,Lee County,17142
45077,SC,Pickens County,124937
46035,SD,Davison County,19790
46083,SD,Lincoln County,58807
46103,SD,Pennington County,111729
46127,SD,Union County,15619
47003,TN,Bedford County,49038
47019,TN,Carter County,56351
47029,TN,Cocke County,35774
47035,TN,Cumberland County,59673
47051,TN,Franklin County,41890
47055,TN,Giles County,29503
47069,TN,Hardeman County,25220
47083,TN,Houston County,8263
47089,TN,Jefferson County,54012
47117,TN,Marshall County,33683
47121,TN,Meigs County,12306
47127,TN,Moore County,6411
47139,TN,Polk County,16898
47153,TN,Sequatchie County,14876
47179,TN,Washington County,128607
48013,TX,Atascosa County,50310
48035,TX,Bosque County,18691
48055,TX,Caldwell County,43247
48089,TX,Colorado County,21217
48097,TX,Cooke County,40574
48101,TX,Cottle County,1389
48119,TX,Delta County,5349
48165,TX,Gaines County,20901
48177,TX,Gonzales County,20826
48213,TX,Henderson County,82299
48245,TX,Jefferson County,255001
48257,TX,Kaufman County,128622
48263,TX,Kent County,726
48265,TX,Kerr County,52405
48271,TX,Kinney County,3767
48303,TX,Lubbock County,307412
48325,TX,Medina County,50921
48343,TX,Morris County,12339
48375,TX,Potter County,119648
48407,TX,San Jacinto County,28719
48409,TX,San Patricio County,66893
48429,TX,Stephens County,9433
48455,TX,Trinity County,14740
48467,TX,Van Zandt County,56019
48497,TX,Wise County,68305
49005,UT,Cache County,127068
49037,UT,San Juan County,15449
51003,VA,Albemarle County,108718
51036,VA,Charles City County,6941
51073,VA,Gloucester County,37349
51079,VA,Greene County,19779
51087,VA,Henrico County,329261
51097,VA,King and Queen County,7042
51133,VA,Northumberland County,12147
51165,VA,Rockingham County,81244
53029,WA,Island County,84460
53049,WA,Pacific County,22036
53071,WA,Walla Walla County,60922
53075,WA,Whitman County,49791
53077,WA,Yakima County,251446
54015,WV,Clay County,8632
54029,WV,Hancock County,29094
54033,WV,Harrison County,67554
54039,WV,Kanawha County,180454
54051,WV,Marshall County,30785
54065,WV,Morgan County,17787
54085,WV,Ritchie County,9721
54091,WV,Taylor County,16862
54107,WV,Wood County,84203
55005,WI,Barron County,45164
55015,WI,Calumet County,50159
55033,WI,Dunn County,45131
55035,WI,Eau Claire County,104534
55045,WI,Green County,36929
55057,WI,Juneau County,26617
55069,WI,Lincoln County,27689
55075,WI,Marinette County,40434
55105,WI,Rock County,163129
55109,WI,St. Croix County,89694
55127,WI,Walworth County,103718
55131,WI,Washington County,135693
56003,WY,Big Horn County,11881
56005,WY,Campbell County,46140
56007,WY,Carbon County,14971
56011,WY,Crook County,7450
56021,WY,Laramie County,98976
56025,WY,Natrona County,79115
56033,WY,Sheridan County,30233
56037,WY,Sweetwater County,43051
56039,WY,Teton County,23081
2013,AK,Aleutians East Borough,3515
2016,AK,Aleutians West Census Area,5723
2050,AK,Bethel Census Area,18216
2060,AK,Bristol Bay Borough,877
2068,AK,Denali Borough,2059
2070,AK,Dillingham Census Area,5000
2090,AK,Fairbanks North Star Borough,98971
2100,AK,Haines Borough,2474
2105,AK,Hoonah-Angoon Census Area,2151
2110,AK,Juneau City and Borough,32113
2130,AK,Ketchikan Gateway Borough,13918
2150,AK,Kodiak Island Borough,13345
2158,AK,Kusilvak Census Area,8303
2164,AK,Lake and Peninsula Borough,1587
2180,AK,Nome Census Area,10008
2185,AK,North Slope Borough,9872
2188,AK,Northwest Arctic Borough,7671
2195,AK,Petersburg Borough,3221
2198,AK,Prince of Wales-Hyder Census Area,6422
2220,AK,Sitka City and Borough,8647
2230,AK,Skagway Municipality,1148
2240,AK,Southeast Fairbanks Census Area,6918
2261,AK,Valdez-Cordova Census Area,9164
2275,AK,Wrangell City and Borough,2503
2282,AK,Yakutat City and Borough,604
2290,AK,Yukon-Koyukuk Census Area,5327
22001,LA,Acadia Parish,62190
22003,LA,Allen Parish,25605
22007,LA,Assumption Parish,22300
22009,LA,Avoyelles Parish,40462
22011,LA,Beauregard Parish,37253
22013,LA,Bienville Parish,13308
22019,LA,Calcasieu Parish,203112
22021,LA,Caldwell Parish,9960
22023,LA,Cameron Parish,6968
22025,LA,Catahoula Parish,9608
22027,LA,Claiborne Parish,15944
22031,LA,De Soto Parish,27436
22035,LA,East Carroll Parish,7037
22039,LA,Evangeline Parish,33443
22041,LA,Franklin Parish,20156
22045,LA,Iberia Parish,70941
22047,LA,Iberville Parish,32721
22053,LA,Jefferson Davis Parish,31582
22057,LA,Lafourche Parish,98115
22059,LA,LaSalle Parish,14917
22065,LA,Madison Parish,11161
22067,LA,Morehouse Parish,25398
22069,LA,Natchitoches Parish,38659
22073,LA,Ouachita Parish,154475
22075,LA,Plaquemines Parish,23410
22077,LA,Pointe Coupee Parish,21940
22079,LA,Rapides Parish,130562
22083,LA,Richland Parish,20192
22085,LA,Sabine Parish,24032
22091,LA,St. Helena Parish,10262
22093,LA,St. James Parish,21037
22097,LA,St. Landry Parish,82764
22101,LA,St. Mary Parish,49774
22107,LA,Tensas Parish,4462
22109,LA,Terrebonne Parish,111021
22111,LA,Union Parish,22330
22113,LA,Vermilion Parish,59830
22119,LA,Webster Parish,38798
22121,LA,West Baton Rouge Parish,26427
22123,LA,West Carroll Parish,10982
22125,LA,West Feliciana Parish,15460
32510,NV,Carson City,55414
51520,VA,Bristol city,16482
51530,VA,Buena Vista city,6237
51570,VA,Colonial Heights city,17833
51580,VA,Covington city,5460
51590,VA,Danville city,40693
51595,VA,Emporia city,5121
51600,VA,Fairfax city,24574
51620,VA,Franklin city,8013
51630,VA,Fredericksburg city,29144
51640,VA,Galax city,6423
51650,VA,Hampton city,134313
51660,VA,Harrisonburg city,54033
51670,VA,Hopewell city,22596
51678,VA,Lexington city,7136
51680,VA,Lynchburg city,82126
51683,VA,Manassas city,41641
51685,VA,Manassas Park city,17307
51690,VA,Martinsville city,12902
51720,VA,Norton city,3968
51730,VA,Petersburg city,31567
51735,VA,Poquoson city,12190
51750,VA,Radford city,18339
51770,VA,Roanoke city,99920
51775,VA,Salem city,25643
51790,VA,Staunton city,24922
51820,VA,Waynesboro city,22628
51840,VA,Winchester city,28108
1001,AL,Autauga County,55601
1005,AL,Barbour County,24881
1007,AL,Bibb County,22400
1009,AL,Blount County,57840
1013,AL,Butler County,19680
1019,AL,Cherokee County,26032
1023,AL,Choctaw County,12841
1025,AL,Clarke County,23920
1027,AL,Clay County,13275
1029,AL,Cleburne County,14987
1033,AL,Colbert County,54762
1037,AL,Coosa County,10715
1039,AL,Covington County,36986
1041,AL,Crenshaw County,13824
1043,AL,Cullman County,83442
1047,AL,Dallas County,38310
1053,AL,Escambia County,36748
1055,AL,Etowah County,102501
1057,AL,Fayette County,16433
1059,AL,Franklin County,31363
1061,AL,Geneva County,26314
1063,AL,Greene County,8233
1075,AL,Lamar County,13844
1077,AL,Lauderdale County,92387
1079,AL,Lawrence County,32957
1085,AL,Lowndes County,9974
1087,AL,Macon County,18439
1091,AL,Marengo County,19066
1093,AL,Marion County,29763
1095,AL,Marshall County,96109
1099,AL,Monroe County,21067
1103,AL,Morgan County,119089
1105,AL,Perry County,9140
1107,AL,Pickens County,19938
1109,AL,Pike County,33338
1111,AL,Randolph County,22725
1117,AL,Shelby County,215707
1119,AL,Sumter County,12691
1121,AL,Talladega County,79828
1125,AL,Tuscaloosa County,208911
1127,AL,Walker County,63711
1129,AL,Washington County,16378
1131,AL,Wilcox County,10627
1133,AL,Winston County,23660
4001,AZ,Apache County,71818
4007,AZ,Gila County,53889
4009,AZ,Graham County,38072
4011,AZ,Greenlee County,9483
4023,AZ,Santa Cruz County,46511
5001,AR,Arkansas County,17769
5003,AR,Ashley County,20046
5005,AR,Baxter County,41619
5009,AR,Boone County,37480
5011,AR,Bradley County,10897
5013,AR,Calhoun County,5277
5017,AR,Chicot County,10438
5019,AR,Clark County,22061
5021,AR,Clay County,14847
5025,AR,Cleveland County,8018
5027,AR,Columbia County,23537
5031,AR,Craighead County,108558
5033,AR,Crawford County,63406
5035,AR,Crittenden County,48342
5037,AR,Cross County,16676
5039,AR,Dallas County,7182
5041,AR,Desha County,11512
5043,AR,Drew County,18328
5047,AR,Franklin County,17810
5049,AR,Fulton County,12269
5053,AR,Grant County,18188
5057,AR,Hempstead County,21741
5059,AR,Hot Spring County,33701
5061,AR,Howard County,13341
5063,AR,Independence County,37678
5065,AR,Izard County,13593
5067,AR,Jackson County,16811
5071,AR,Johnson County,26742
5073,AR,Lafayette County,6682
5075,AR,Lawrence County,16434
5077,AR,Lee County,8985
5079,AR,Lincoln County,13383
5081,AR,Little River County,12326
5085,AR,Lonoke County,73657
5087,AR,Madison County,16481
5089,AR,Marion County,16722
5091,AR,Miller County,43592
5093,AR,Mississippi County,41239
5095,AR,Monroe County,6900
5097,AR,Montgomery County,8924
5099,AR,Nevada County,8326
5101,AR,Newton County,7805
5105,AR,Perry County,10352
5107,AR,Phillips County,18029
5109,AR,Pike County,10673
5111,AR,Poinsett County,23974
5113,AR,Polk County,20049
5115,AR,Pope County,64000
5117,AR,Prairie County,8074
5121,AR,Randolph County,17948
5123,AR,St. Francis County,25439
5125,AR,Saline County,121421
5127,AR,Scott County,10319
5129,AR,Searcy County,7958
5133,AR,Sevier County,17139
5135,AR,Sharp County,17366
5137,AR,Stone County,12457
5139,AR,Union County,39126
5141,AR,Van Buren County,16603
5147,AR,Woodruff County,6490
5149,AR,Yell County,21535
6003,CA,Alpine County,1101
6009,CA,Calaveras County,45602
6011,CA,Colusa County,21627
6015,CA,Del Norte County,27828
6021,CA,Glenn County,28047
6023,CA,Humboldt County,136373
6025,CA,Imperial County,181827
6027,CA,Inyo County,17987
6031,CA,Kings County,151366
6035,CA,Lassen County,30802
6045,CA,Mendocino County,87606
6049,CA,Modoc County,8777
6051,CA,Mono County,14250
6057,CA,Nevada County,99696
6063,CA,Plumas County,18804
6087,CA,Santa Cruz County,274255
6091,CA,Sierra County,2987
6093,CA,Siskiyou County,43724
6103,CA,Tehama County,63916
6105,CA,Trinity County,12535
6109,CA,Tuolumne County,54539
6115,CA,Yuba County,78041
8007,CO,Archuleta County,13765
8009,CO,Baca County,3585
8011,CO,Bent County,5882
8017,CO,Cheyenne County,1876
8019,CO,Clear Creek County,9605
8021,CO,Conejos County,8200
8023,CO,Costilla County,3828
8025,CO,Crowley County,5858
8027,CO,Custer County,4954
8029,CO,Delta County,30953
8033,CO,Dolores County,2074
8043,CO,Fremont County,48021
8045,CO,Garfield County,59770
8047,CO,Gilpin County,6121
8049,CO,Grand County,15525
8051,CO,Gunnison County,17246
8053,CO,Hinsdale County,811
8055,CO,Huerfano County,6889
8057,CO,Jackson County,1399
8061,CO,Kiowa County,1383
8063,CO,Kit Carson County,7163
8065,CO,Lake County,7824
8067,CO,La Plata County,56310
8071,CO,Las Animas County,14503
8073,CO,Lincoln County,5610
8075,CO,Logan County,21528
8077,CO,Mesa County,153207
8079,CO,Mineral County,776
8081,CO,Moffat County,13188
8083,CO,Montezuma County,26158
8085,CO,Montrose County,42214
8087,CO,Morgan County,28558
8089,CO,Otero County,18432
8091,CO,Ouray County,4833
8093,CO,Park County,18556
8095,CO,Phillips County,4286
8097,CO,Pitkin County,17950
8099,CO,Prowers County,12164
8103,CO,Rio Blanco County,6336
8105,CO,Rio Grande County,11250
8109,CO,Saguache County,6843
8111,CO,San Juan County,762
8115,CO,Sedgwick County,2303
8117,CO,Summit County,31007
8121,CO,Washington County,4909
8125,CO,Yuma County,10020
9001,CT,Fairfield County,943823
9003,CT,Hartford County,892697
9005,CT,Litchfield County,181111
9007,CT,Middlesex County,162682
9009,CT,New Haven County,857620
9011,CT,New London County,266784
9013,CT,Tolland County,150921
9015,CT,Windham County,117027
12003,FL,Baker County,28355
12007,FL,Bradford County,27732
12013,FL,Calhoun County,14587
12017,FL,Citrus County,147929
12023,FL,Columbia County,70503
12027,FL,DeSoto County,37489
12029,FL,Dixie County,16700
12035,FL,Flagler County,112067
12039,FL,Gadsden County,45894
12041,FL,Gilchrist County,18256
12043,FL,Glades County,13724
12045,FL,Gulf County,16164
12047,FL,Hamilton County,14310
12049,FL,Hardee County,27245
12055,FL,Highlands County,105424
12063,FL,Jackson County,48305
12065,FL,Jefferson County,14288
12067,FL,Lafayette County,8732
12075,FL,Levy County,40770
12077,FL,Liberty County,8457
12079,FL,Madison County,18529
12093,FL,Okeechobee County,41537
12107,FL,Putnam County,74163
12125,FL,Union County,14940
12129,FL,Wakulla County,32461
12133,FL,Washington County,24880
13001,GA,Appling County,18507
13003,GA,Atkinson County,8297
13005,GA,Bacon County,11185
13007,GA,Baker County,3092
13009,GA,Baldwin County,44823
13013,GA,Barrow County,80809
13017,GA,Ben Hill County,16787
13019,GA,Berrien County,19252
13021,GA,Bibb County,153095
13023,GA,Bleckley County,12838
13025,GA,Brantley County,18897
13027,GA,Brooks County,15513
13031,GA,Bulloch County,77296
13033,GA,Burke County,22423
13037,GA,Calhoun County,6352
13039,GA,Camden County,53677
13043,GA,Candler County,10836
13047,GA,Catoosa County,67420
13049,GA,Charlton County,12968
13061,GA,Clay County,2887
13065,GA,Clinch County,6648
13069,GA,Coffee County,43093
13075,GA,Cook County,17162
13079,GA,Crawford County,12318
13083,GA,Dade County,16226
13087,GA,Decatur County,26575
13091,GA,Dodge County,20705
13093,GA,Dooly County,13706
13095,GA,Dougherty County,91243
13099,GA,Early County,10247
13101,GA,Echols County,4000
13105,GA,Elbert County,19120
13107,GA,Emanuel County,22612
13109,GA,Evans County,10721
13115,GA,Floyd County,97927
13119,GA,Franklin County,23023
13123,GA,Gilmer County,30816
13125,GA,Glascock County,2995
13131,GA,Grady County,24748
13137,GA,Habersham County,45388
13141,GA,Hancock County,8348
13143,GA,Haralson County,29533
13155,GA,Irwin County,9398
13159,GA,Jasper County,14040
13161,GA,Jeff Davis County,15029
13163,GA,Jefferson County,15430
13165,GA,Jenkins County,8683
13167,GA,Johnson County,9708
13173,GA,Lanier County,10340
13175,GA,Laurens County,47325
13177,GA,Lee County,29764
13181,GA,Lincoln County,7915
13185,GA,Lowndes County,116321
13187,GA,Lumpkin County,32955
13189,GA,McDuffie County,21531
13191,GA,McIntosh County,14340
13193,GA,Macon County,13143
13195,GA,Madison County,29650
13197,GA,Marion County,8351
13199,GA,Meriwether County,21068
13201,GA,Miller County,5686
13205,GA,Mitchell County,22192
13209,GA,Montgomery County,9193
13213,GA,Murray County,39921
13217,GA,Newton County,109541
13221,GA,Oglethorpe County,15054
13225,GA,Peach County,27297
13227,GA,Pickens County,31980
13229,GA,Pierce County,19389
13231,GA,Pike County,18634
13233,GA,Polk County,42470
13235,GA,Pulaski County,11069
13237,GA,Putnam County,21809
13239,GA,Quitman County,2279
13241,GA,Rabun County,16867
13243,GA,Randolph County,6833
13243,GA,Randolph County,6833
13243,GA,Randolph County,6833
13243,GA,Randolph County,6833
13243,GA,Randolph County,6833
13243,GA,Randolph County,6833
13243,GA,Randolph County,6833
13243,GA,Randolph County,6833
13243,GA,Randolph County,6833
13243,GA,Randolph County,6833
13243,GA,Randolph County,6833
13243,GA,Randolph County,6833
13243,GA,Randolph County,6833
13249,GA,Schley County,5236
13251,GA,Screven County,13938
13253,GA,Seminole County,8315
13257,GA,Stephens County,26035
13259,GA,Stewart County,6199
13261,GA,Sumter County,29733
13263,GA,Talbot County,6272
13265,GA,Taliaferro County,1608
13267,GA,Tattnall County,25391
13269,GA,Taylor County,8039
13271,GA,Telfair County,15876
13273,GA,Terrell County,8611
13277,GA,Tift County,40571
13279,GA,Toombs County,26887
13281,GA,Towns County,11852
13283,GA,Treutlen County,6809
13285,GA,Troup County,70034
13287,GA,Turner County,7912
13289,GA,Twiggs County,8188
13291,GA,Union County,24001
13293,GA,Upson County,26215
13301,GA,Warren County,5251
13303,GA,Washington County,20386
13307,GA,Webster County,2611
13309,GA,Wheeler County,7879
13311,GA,White County,29970
13313,GA,Whitfield County,104062
13315,GA,Wilcox County,8812
13317,GA,Wilkes County,9876
13319,GA,Wilkinson County,9036
13321,GA,Worth County,20299
15005,HI,Kalawao County,88
16003,ID,Adams County,4250
16005,ID,Bannock County,87138
16007,ID,Bear Lake County,6050
16009,ID,Benewah County,9226
16011,ID,Bingham County,46236
16013,ID,Blaine County,22601
16015,ID,Boise County,7634
16019,ID,Bonneville County,116854
16021,ID,Boundary County,11948
16023,ID,Butte County,2611
16025,ID,Camas County,1127
16027,ID,Canyon County,223499
16029,ID,Caribou County,7060
16031,ID,Cassia County,23864
16033,ID,Clark County,852
16035,ID,Clearwater County,8758
16037,ID,Custer County,4280
16039,ID,Elmore County,27259
16041,ID,Franklin County,13726
16045,ID,Gem County,17634
16047,ID,Gooding County,15196
16049,ID,Idaho County,16513
16051,ID,Jefferson County,29439
16053,ID,Jerome County,24015
16059,ID,Lemhi County,7961
16061,ID,Lewis County,3861
16063,ID,Lincoln County,5360
16065,ID,Madison County,39304
16067,ID,Minidoka County,20825
16069,ID,Nez Perce County,40408
16071,ID,Oneida County,4488
16073,ID,Owyhee County,11693
16075,ID,Payette County,23551
16081,ID,Teton County,11640
16083,ID,Twin Falls County,86081
16085,ID,Valley County,11041
16087,ID,Washington County,10161
17001,IL,Adams County,65691
17003,IL,Alexander County,6060
17005,IL,Bond County,16630
17009,IL,Brown County,6556
17011,IL,Bureau County,32993
17013,IL,Calhoun County,4802
17015,IL,Carroll County,14312
17017,IL,Cass County,12260
17021,IL,Christian County,32661
17023,IL,Clark County,15596
17025,IL,Clay County,13253
17027,IL,Clinton County,37639
17029,IL,Coles County,50885
17033,IL,Crawford County,18807
17035,IL,Cumberland County,10808
17037,IL,DeKalb County,104143
17039,IL,De Witt County,15769
17045,IL,Edgar County,17360
17047,IL,Edwards County,6392
17051,IL,Fayette County,21416
17053,IL,Ford County,13264
17055,IL,Franklin County,38701
17059,IL,Gallatin County,5058
17061,IL,Greene County,13044
17063,IL,Grundy County,50972
17065,IL,Hamilton County,8163
17069,IL,Hardin County,3910
17071,IL,Henderson County,6709
17073,IL,Henry County,49090
17075,IL,Iroquois County,27604
17079,IL,Jasper County,9611
17081,IL,Jefferson County,37820
17085,IL,Jo Daviess County,21366
17087,IL,Johnson County,12456
17091,IL,Kankakee County,110024
17095,IL,Knox County,50112
17101,IL,Lawrence County,15765
17103,IL,Lee County,34223
17105,IL,Livingston County,35761
17107,IL,Logan County,28925
17109,IL,McDonough County,29955
17115,IL,Macon County,104712
17117,IL,Macoupin County,45313
17123,IL,Marshall County,11534
17125,IL,Mason County,13565
17127,IL,Massac County,14080
17129,IL,Menard County,12288
17131,IL,Mercer County,15601
17133,IL,Monroe County,34335
17135,IL,Montgomery County,28601
17137,IL,Morgan County,33976
17139,IL,Moultrie County,14717
17141,IL,Ogle County,50923
17145,IL,Perry County,21174
17149,IL,Pike County,15611
17151,IL,Pope County,4212
17153,IL,Pulaski County,5463
17155,IL,Putnam County,5740
17157,IL,Randolph County,32106
17159,IL,Richland County,15763
17165,IL,Saline County,23906
17169,IL,Schuyler County,6907
17171,IL,Scott County,4926
17173,IL,Shelby County,21741
17175,IL,Stark County,5427
17177,IL,Stephenson County,44753
17181,IL,Union County,16841
17183,IL,Vermilion County,76806
17185,IL,Wabash County,11549
17187,IL,Warren County,17032
17189,IL,Washington County,13995
17191,IL,Wayne County,16332
17193,IL,White County,13665
17195,IL,Whiteside County,55626
17201,IL,Winnebago County,284081
17203,IL,Woodford County,38463
18001,IN,Adams County,35636
18007,IN,Benton County,8653
18009,IN,Blackford County,11930
18013,IN,Brown County,15234
18015,IN,Carroll County,20127
18017,IN,Cass County,37955
18025,IN,Crawford County,10558
18029,IN,Dearborn County,49568
18033,IN,DeKalb County,43226
18041,IN,Fayette County,23047
18045,IN,Fountain County,16351
18047,IN,Franklin County,22736
18053,IN,Grant County,65936
18055,IN,Greene County,32006
18061,IN,Harrison County,40350
18065,IN,Henry County,48271
18067,IN,Howard County,82366
18073,IN,Jasper County,33370
18075,IN,Jay County,20764
18077,IN,Jefferson County,32208
18079,IN,Jennings County,27611
18083,IN,Knox County,36895
18087,IN,LaGrange County,39330
18091,IN,LaPorte County,110007
18093,IN,Lawrence County,45668
18101,IN,Martin County,10217
18103,IN,Miami County,35567
18107,IN,Montgomery County,38346
18113,IN,Noble County,47532
18115,IN,Ohio County,5844
18117,IN,Orange County,19489
18119,IN,Owen County,20845
18121,IN,Parke County,16927
18123,IN,Perry County,19102
18127,IN,Porter County,169594
18129,IN,Posey County,25540
18131,IN,Pulaski County,12469
18133,IN,Putnam County,37779
18137,IN,Ripley County,28523
18143,IN,Scott County,23878
18147,IN,Spencer County,20327
18149,IN,Starke County,22935
18151,IN,Steuben County,34586
18153,IN,Sullivan County,20690
18155,IN,Switzerland County,10717
18159,IN,Tipton County,15128
18161,IN,Union County,7037
18165,IN,Vermillion County,15479
18167,IN,Vigo County,107386
18169,IN,Wabash County,31280
18171,IN,Warren County,8263
18175,IN,Washington County,27943
18177,IN,Wayne County,65936
18179,IN,Wells County,28206
18183,IN,Whitley County,34074
19001,IA,Adair County,7063
19003,IA,Adams County,3645
19005,IA,Allamakee County,13832
19007,IA,Appanoose County,12437
19009,IA,Audubon County,5506
19011,IA,Benton County,25642
19013,IA,Black Hawk County,132408
19019,IA,Buchanan County,21199
19021,IA,Buena Vista County,19874
19023,IA,Butler County,14539
19025,IA,Calhoun County,9699
19027,IA,Carroll County,20154
19029,IA,Cass County,12930
19031,IA,Cedar County,18627
19033,IA,Cerro Gordo County,42647
19035,IA,Cherokee County,11321
19037,IA,Chickasaw County,11964
19039,IA,Clarke County,9423
19041,IA,Clay County,16134
19043,IA,Clayton County,17556
19045,IA,Clinton County,46518
19047,IA,Crawford County,17158
19051,IA,Davis County,9017
19053,IA,Decatur County,7890
19055,IA,Delaware County,17069
19057,IA,Des Moines County,39138
19059,IA,Dickinson County,17153
19063,IA,Emmet County,9253
19065,IA,Fayette County,19660
19067,IA,Floyd County,15761
19069,IA,Franklin County,10124
19071,IA,Fremont County,6993
19073,IA,Greene County,8981
19075,IA,Grundy County,12304
19077,IA,Guthrie County,10720
19079,IA,Hamilton County,14952
19083,IA,Hardin County,16868
19085,IA,Harrison County,14134
19089,IA,Howard County,9187
19091,IA,Humboldt County,9547
19093,IA,Ida County,6841
19095,IA,Iowa County,16141
19099,IA,Jasper County,37147
19101,IA,Jefferson County,18381
19105,IA,Jones County,20744
19107,IA,Keokuk County,10225
19109,IA,Kossuth County,14908
19111,IA,Lee County,34055
19117,IA,Lucas County,8645
19121,IA,Madison County,16249
19123,IA,Mahaska County,22000
19125,IA,Marion County,33407
19127,IA,Marshall County,39981
19129,IA,Mills County,15063
19131,IA,Mitchell County,10569
19133,IA,Monona County,8679
19135,IA,Monroe County,7790
19137,IA,Montgomery County,10003
19139,IA,Muscatine County,42929
19141,IA,O'Brien County,13840
19143,IA,Osceola County,6040
19145,IA,Page County,15249
19147,IA,Palo Alto County,8929
19151,IA,Pocahontas County,6740
19157,IA,Poweshiek County,18699
19159,IA,Ringgold County,4968
19161,IA,Sac County,9719
19165,IA,Shelby County,11578
19167,IA,Sioux County,34909
19171,IA,Tama County,16904
19173,IA,Taylor County,6191
19175,IA,Union County,12359
19177,IA,Van Buren County,7020
19179,IA,Wapello County,35205
19181,IA,Warren County,51056
19183,IA,Washington County,22141
19185,IA,Wayne County,6401
19187,IA,Webster County,36277
19189,IA,Winnebago County,10518
19191,IA,Winneshiek County,20029
19195,IA,Worth County,7453
19197,IA,Wright County,12690
20001,KS,Allen County,12444
20003,KS,Anderson County,7878
20005,KS,Atchison County,16193
20007,KS,Barber County,4472
20009,KS,Barton County,26111
20013,KS,Brown County,9598
20017,KS,Chase County,2629
20021,KS,Cherokee County,20015
20023,KS,Cheyenne County,2660
20025,KS,Clark County,2005
20027,KS,Clay County,7997
20029,KS,Cloud County,8729
20031,KS,Coffey County,8233
20033,KS,Comanche County,1748
20037,KS,Crawford County,39019
20039,KS,Decatur County,2871
20041,KS,Dickinson County,18717
20043,KS,Doniphan County,7682
20047,KS,Edwards County,2849
20049,KS,Elk County,2508
20051,KS,Ellis County,28710
20053,KS,Ellsworth County,6196
20055,KS,Finney County,36611
20057,KS,Ford County,33888
20063,KS,Gove County,2612
20065,KS,Graham County,2492
20067,KS,Grant County,7336
20069,KS,Gray County,6033
20071,KS,Greeley County,1227
20073,KS,Greenwood County,6055
20075,KS,Hamilton County,2607
20077,KS,Harper County,5506
20081,KS,Haskell County,3997
20083,KS,Hodgeman County,1818
20085,KS,Jackson County,13280
20089,KS,Jewell County,2841
20093,KS,Kearny County,3943
20095,KS,Kingman County,7310
20097,KS,Kiowa County,2516
20099,KS,Labette County,19964
20101,KS,Lane County,1560
20105,KS,Lincoln County,3023
20107,KS,Linn County,9750
20109,KS,Logan County,2844
20111,KS,Lyon County,33406
20113,KS,McPherson County,28537
20115,KS,Marion County,11950
20117,KS,Marshall County,9722
20119,KS,Meade County,4146
20121,KS,Miami County,33680
20123,KS,Mitchell County,6150
20127,KS,Morris County,5521
20129,KS,Morton County,2667
20131,KS,Nemaha County,10155
20133,KS,Neosho County,15951
20135,KS,Ness County,2840
20137,KS,Norton County,5430
20139,KS,Osage County,15941
20141,KS,Osborne County,3475
20143,KS,Ottawa County,5802
20145,KS,Pawnee County,6562
20147,KS,Phillips County,5317
20149,KS,Pottawatomie County,24277
20151,KS,Pratt County,9378
20153,KS,Rawlins County,2508
20155,KS,Reno County,62342
20157,KS,Republic County,4664
20159,KS,Rice County,9531
20163,KS,Rooks County,5013
20165,KS,Rush County,3093
20167,KS,Russell County,6907
20169,KS,Saline County,54401
20171,KS,Scott County,4897
20177,KS,Shawnee County,177499
20179,KS,Sheridan County,2533
20181,KS,Sherman County,5899
20183,KS,Smith County,3603
20185,KS,Stafford County,4178
20187,KS,Stanton County,1987
20189,KS,Stevens County,5559
20191,KS,Sumner County,22996
20193,KS,Thomas County,7711
20195,KS,Trego County,2793
20199,KS,Wallace County,1503
20201,KS,Washington County,5420
20203,KS,Wichita County,2105
20205,KS,Wilson County,8665
20207,KS,Woodson County,3183
21001,KY,Adair County,19215
21003,KY,Allen County,21122
21005,KY,Anderson County,22663
21007,KY,Ballard County,7979
21009,KY,Barren County,44176
21013,KY,Bell County,26569
21017,KY,Bourbon County,20184
21019,KY,Boyd County,47240
21021,KY,Boyle County,30100
21023,KY,Bracken County,8239
21025,KY,Breathitt County,12726
21027,KY,Breckinridge County,20388
21031,KY,Butler County,12772
21033,KY,Caldwell County,12715
21035,KY,Calloway County,39135
21039,KY,Carlisle County,4771
21041,KY,Carroll County,10737
21043,KY,Carter County,27004
21045,KY,Casey County,15888
21047,KY,Christian County,71671
21049,KY,Clark County,36249
21051,KY,Clay County,20105
21053,KY,Clinton County,10206
21055,KY,Crittenden County,8915
21057,KY,Cumberland County,6659
21061,KY,Edmonson County,12274
21063,KY,Elliott County,7508
21065,KY,Estill County,14198
21069,KY,Fleming County,14432
21071,KY,Floyd County,35845
21075,KY,Fulton County,6120
21077,KY,Gallatin County,8832
21079,KY,Garrard County,17560
21081,KY,Grant County,25121
21085,KY,Grayson County,26321
21087,KY,Green County,11049
21089,KY,Greenup County,35268
21091,KY,Hancock County,8758
21095,KY,Harlan County,26409
21097,KY,Harrison County,18778
21099,KY,Hart County,18906
21101,KY,Henderson County,45591
21103,KY,Henry County,16106
21105,KY,Hickman County,4421
21109,KY,Jackson County,13442
21113,KY,Jessamine County,53920
21115,KY,Johnson County,22386
21119,KY,Knott County,15126
21125,KY,Laurel County,60669
21127,KY,Lawrence County,15571
21129,KY,Lee County,7033
21131,KY,Leslie County,10143
21133,KY,Letcher County,21899
21135,KY,Lewis County,13257
21139,KY,Livingston County,9242
21141,KY,Logan County,26989
21143,KY,Lyon County,8009
21145,KY,McCracken County,65346
21147,KY,McCreary County,17408
21149,KY,McLean County,9252
21153,KY,Magoffin County,12362
21155,KY,Marion County,19404
21159,KY,Martin County,11323
21161,KY,Mason County,17150
21165,KY,Menifee County,6451
21167,KY,Mercer County,21774
21169,KY,Metcalfe County,10030
21171,KY,Monroe County,10718
21175,KY,Morgan County,13345
21177,KY,Muhlenberg County,30774
21179,KY,Nelson County,45851
21181,KY,Nicholas County,7166
21183,KY,Ohio County,24087
21187,KY,Owen County,10880
21189,KY,Owsley County,4472
21191,KY,Pendleton County,14529
21193,KY,Perry County,26092
21195,KY,Pike County,58402
21197,KY,Powell County,12442
21201,KY,Robertson County,2135
21203,KY,Rockcastle County,16750
21205,KY,Rowan County,24583
21207,KY,Russell County,17821
21209,KY,Scott County,56031
21213,KY,Simpson County,18529
21215,KY,Spencer County,18794
21217,KY,Taylor County,25549
21221,KY,Trigg County,14643
21223,KY,Trimble County,8515
21225,KY,Union County,14505
21227,KY,Warren County,131264
21229,KY,Washington County,12084
21231,KY,Wayne County,20468
21233,KY,Webster County,13111
21237,KY,Wolfe County,7177
21239,KY,Woodford County,26533
23001,ME,Androscoggin County,107679
23003,ME,Aroostook County,67111
23005,ME,Cumberland County,293557
23007,ME,Franklin County,29897
23009,ME,Hancock County,54811
23011,ME,Kennebec County,122083
23013,ME,Knox County,39771
23015,ME,Lincoln County,34342
23017,ME,Oxford County,57618
23019,ME,Penobscot County,151096
23021,ME,Piscataquis County,16800
23023,ME,Sagadahoc County,35634
23025,ME,Somerset County,50592
23027,ME,Waldo County,39694
23029,ME,Washington County,31490
23031,ME,York County,206229
24011,MD,Caroline County,33304
24017,MD,Charles County,161503
24023,MD,Garrett County,29163
24029,MD,Kent County,19383
24047,MD,Worcester County,51823
25001,MA,Barnstable County,213413
25003,MA,Berkshire County,126348
25005,MA,Bristol County,564022
25007,MA,Dukes County,17352
25009,MA,Essex County,790638
25011,MA,Franklin County,70963
25013,MA,Hampden County,470406
25015,MA,Hampshire County,161355
25017,MA,Middlesex County,1614714
25019,MA,Nantucket County,11327
25021,MA,Norfolk County,705388
25023,MA,Plymouth County,518132
25025,MA,Suffolk County,807252
25027,MA,Worcester County,830839
26001,MI,Alcona County,10362
26003,MI,Alger County,9097
26007,MI,Alpena County,28360
26009,MI,Antrim County,23365
26013,MI,Baraga County,8320
26023,MI,Branch County,43622
26027,MI,Cass County,51653
26029,MI,Charlevoix County,26244
26031,MI,Cheboygan County,25413
26033,MI,Chippewa County,37517
26035,MI,Clare County,30757
26039,MI,Crawford County,13901
26041,MI,Delta County,35857
26043,MI,Dickinson County,25383
26045,MI,Eaton County,109826
26047,MI,Emmet County,33308
26051,MI,Gladwin County,25337
26053,MI,Gogebic County,15096
26059,MI,Hillsdale County,45749
26061,MI,Houghton County,36219
26063,MI,Huron County,31166
26071,MI,Iron County,11117
26073,MI,Isabella County,70562
26083,MI,Keweenaw County,2113
26085,MI,Lake County,11881
26095,MI,Luce County,6283
26097,MI,Mackinac County,10787
26101,MI,Manistee County,24528
26103,MI,Marquette County,66516
26107,MI,Mecosta County,43545
26109,MI,Menominee County,22983
26113,MI,Missaukee County,15113
26117,MI,Montcalm County,63968
26119,MI,Montmorency County,9265
26123,MI,Newaygo County,48892
26127,MI,Oceana County,26625
26129,MI,Ogemaw County,20952
26131,MI,Ontonagon County,5795
26133,MI,Osceola County,23341
26137,MI,Otsego County,24665
26141,MI,Presque Isle County,12738
26143,MI,Roscommon County,23884
26149,MI,St. Joseph County,61043
26151,MI,Sanilac County,41182
26153,MI,Schoolcraft County,8068
26159,MI,Van Buren County,75448
26165,MI,Wexford County,33466
27001,MN,Aitkin County,15902
27005,MN,Becker County,34371
27007,MN,Beltrami County,46847
27009,MN,Benton County,40545
27011,MN,Big Stone County,4989
27015,MN,Brown County,25111
27017,MN,Carlton County,35837
27021,MN,Cass County,29519
27023,MN,Chippewa County,11924
27025,MN,Chisago County,55922
27029,MN,Clearwater County,8810
27031,MN,Cook County,5393
27033,MN,Cottonwood County,11277
27035,MN,Crow Wing County,64889
27039,MN,Dodge County,20822
27041,MN,Douglas County,37964
27043,MN,Faribault County,13758
27045,MN,Fillmore County,21058
27047,MN,Freeborn County,30444
27051,MN,Grant County,6021
27055,MN,Houston County,18578
27057,MN,Hubbard County,21332
27061,MN,Itasca County,45108
27063,MN,Jackson County,9911
27065,MN,Kanabec County,16207
27067,MN,Kandiyohi County,42855
27069,MN,Kittson County,4248
27071,MN,Koochiching County,12440
27073,MN,Lac qui Parle County,6658
27075,MN,Lake County,10658
27077,MN,Lake of the Woods County,3758
27079,MN,Le Sueur County,28494
27081,MN,Lincoln County,5673
27083,MN,Lyon County,25629
27085,MN,McLeod County,35873
27087,MN,Mahnomen County,5519
27089,MN,Marshall County,9390
27091,MN,Martin County,19785
27093,MN,Meeker County,23141
27095,MN,Mille Lacs County,26139
27097,MN,Morrison County,33169
27099,MN,Mower County,40011
27101,MN,Murray County,8276
27103,MN,Nicollet County,34220
27105,MN,Nobles County,21924
27107,MN,Norman County,6475
27111,MN,Otter Tail County,58812
27113,MN,Pennington County,14178
27115,MN,Pine County,29483
27117,MN,Pipestone County,9047
27119,MN,Polk County,31529
27121,MN,Pope County,11097
27125,MN,Red Lake County,3999
27127,MN,Redwood County,15249
27129,MN,Renville County,14612
27133,MN,Rock County,9414
27135,MN,Roseau County,15150
27141,MN,Sherburne County,96036
27143,MN,Sibley County,15028
27147,MN,Steele County,36803
27149,MN,Stevens County,9753
27151,MN,Swift County,9345
27153,MN,Todd County,24582
27155,MN,Traverse County,3308
27157,MN,Wabasha County,21645
27159,MN,Wadena County,13773
27161,MN,Waseca County,18691
27165,MN,Watonwan County,10980
27167,MN,Wilkin County,6254
27169,MN,Winona County,50825
27171,MN,Wright County,136349
27173,MN,Yellow Medicine County,9795
28001,MS,Adams County,31192
28003,MS,Alcorn County,36925
28005,MS,Amite County,12326
28007,MS,Attala County,18365
28009,MS,Benton County,8271
28011,MS,Bolivar County,31333
28013,MS,Calhoun County,14436
28015,MS,Carroll County,9911
28017,MS,Chickasaw County,17171
28019,MS,Choctaw County,8278
28021,MS,Claiborne County,9002
28023,MS,Clarke County,15604
28025,MS,Clay County,19386
28027,MS,Coahoma County,22628
28029,MS,Copiah County,28543
28037,MS,Franklin County,7788
28039,MS,George County,24250
28041,MS,Greene County,13586
28043,MS,Grenada County,21055
28045,MS,Hancock County,47334
28051,MS,Holmes County,17622
28053,MS,Humphreys County,8257
28055,MS,Issaquena County,1308
28057,MS,Itawamba County,23517
28061,MS,Jasper County,16428
28063,MS,Jefferson County,7106
28065,MS,Jefferson Davis County,11234
28067,MS,Jones County,68461
28069,MS,Kemper County,10027
28071,MS,Lafayette County,54793
28073,MS,Lamar County,62447
28075,MS,Lauderdale County,75317
28077,MS,Lawrence County,12455
28079,MS,Leake County,22763
28081,MS,Lee County,85202
28083,MS,Leflore County,28919
28085,MS,Lincoln County,34205
28091,MS,Marion County,24715
28093,MS,Marshall County,35451
28095,MS,Monroe County,35564
28097,MS,Montgomery County,10023
28101,MS,Newton County,21443
28103,MS,Noxubee County,10535
28109,MS,Pearl River County,55387
28111,MS,Perry County,11931
28113,MS,Pike County,39563
28117,MS,Prentiss County,25315
28119,MS,Quitman County,7051
28121,MS,Rankin County,153902
28123,MS,Scott County,28287
28125,MS,Sharkey County,4377
28129,MS,Smith County,16002
28131,MS,Stone County,18717
28133,MS,Sunflower County,25735
28137,MS,Tate County,28759
28139,MS,Tippah County,21995
28141,MS,Tishomingo County,19454
28143,MS,Tunica County,9944
28145,MS,Union County,28606
28147,MS,Walthall County,14465
28151,MS,Washington County,45063
28153,MS,Wayne County,20298
28155,MS,Webster County,9788
28157,MS,Wilkinson County,8792
28159,MS,Winston County,18165
28161,MS,Yalobusha County,12392
28163,MS,Yazoo County,28248
29007,MO,Audrain County,25473
29009,MO,Barry County,35886
29011,MO,Barton County,11798
29015,MO,Benton County,19278
29017,MO,Bollinger County,12169
29019,MO,Boone County,180005
29021,MO,Buchanan County,88571
29023,MO,Butler County,42639
29025,MO,Caldwell County,9108
29029,MO,Camden County,45815
29033,MO,Carroll County,8743
29035,MO,Carter County,6054
29037,MO,Cass County,104954
29039,MO,Cedar County,14165
29041,MO,Chariton County,7451
29043,MO,Christian County,86983
29045,MO,Clark County,6842
29049,MO,Clinton County,20470
29051,MO,Cole County,76796
29053,MO,Cooper County,17603
29059,MO,Dallas County,16762
29061,MO,Daviess County,8313
29063,MO,DeKalb County,12630
29065,MO,Dent County,15441
29067,MO,Douglas County,13373
29069,MO,Dunklin County,29423
29071,MO,Franklin County,103670
29075,MO,Gentry County,6628
29079,MO,Grundy County,9914
29081,MO,Harrison County,8414
29083,MO,Henry County,21792
29085,MO,Hickory County,9509
29087,MO,Holt County,4404
29089,MO,Howard County,10137
29091,MO,Howell County,40076
29093,MO,Iron County,10177
29097,MO,Jasper County,120636
29103,MO,Knox County,3947
29105,MO,Laclede County,35713
29107,MO,Lafayette County,32598
29111,MO,Lewis County,9855
29113,MO,Lincoln County,57686
29117,MO,Livingston County,15146
29121,MO,Macon County,15153
29123,MO,Madison County,12188
29125,MO,Maries County,8769
29127,MO,Marion County,28592
29129,MO,Mercer County,3641
29131,MO,Miller County,25336
29133,MO,Mississippi County,13336
29135,MO,Moniteau County,16121
29137,MO,Monroe County,8664
29139,MO,Montgomery County,11534
29141,MO,Morgan County,20358
29145,MO,Newton County,58266
29147,MO,Nodaway County,22304
29149,MO,Oregon County,10541
29151,MO,Osage County,13714
29153,MO,Ozark County,9017
29155,MO,Pemiscot County,16272
29157,MO,Perry County,19150
29161,MO,Phelps County,44732
29163,MO,Pike County,18504
29171,MO,Putnam County,4757
29175,MO,Randolph County,24763
29177,MO,Ray County,22883
29179,MO,Reynolds County,6254
29181,MO,Ripley County,13401
29185,MO,St. Clair County,9395
29186,MO,Ste. Genevieve County,17888
29195,MO,Saline County,22895
29197,MO,Schuyler County,4599
29199,MO,Scotland County,4966
29201,MO,Scott County,38458
29203,MO,Shannon County,8189
29205,MO,Shelby County,6050
29207,MO,Stoddard County,29206
29209,MO,Stone County,31749
29211,MO,Sullivan County,6221
29213,MO,Taney County,55852
29215,MO,Texas County,25571
29219,MO,Warren County,34711
29221,MO,Washington County,24943
29223,MO,Wayne County,13122
29225,MO,Webster County,39109
29227,MO,Worth County,2040
29229,MO,Wright County,18378
30001,MT,Beaverhead County,9404
30003,MT,Big Horn County,13338
30005,MT,Blaine County,6807
30007,MT,Broadwater County,6085
30009,MT,Carbon County,10714
30011,MT,Carter County,1238
30015,MT,Chouteau County,5745
30017,MT,Custer County,11586
30019,MT,Daniels County,1747
30021,MT,Dawson County,8680
30023,MT,Deer Lodge County,9131
30025,MT,Fallon County,2920
30027,MT,Fergus County,11113
30033,MT,Garfield County,1268
30035,MT,Glacier County,13747
30037,MT,Golden Valley County,826
30039,MT,Granite County,3378
30041,MT,Hill County,16347
30045,MT,Judith Basin County,1952
30051,MT,Liberty County,2430
30053,MT,Lincoln County,19794
30055,MT,McCone County,1675
30057,MT,Madison County,8768
30059,MT,Meagher County,1866
30061,MT,Mineral County,4316
30065,MT,Musselshell County,4651
30069,MT,Petroleum County,513
30071,MT,Phillips County,4074
30073,MT,Pondera County,5972
30075,MT,Powder River County,1716
30077,MT,Powell County,6968
30079,MT,Prairie County,1087
30081,MT,Ravalli County,43172
30083,MT,Richland County,10913
30085,MT,Roosevelt County,11059
30087,MT,Rosebud County,9063
30089,MT,Sanders County,11844
30091,MT,Sheridan County,3424
30093,MT,Silver Bow County,34993
30095,MT,Stillwater County,9534
30097,MT,Sweet Grass County,3710
30099,MT,Teton County,6162
30101,MT,Toole County,4853
30103,MT,Treasure County,679
30105,MT,Valley County,7437
30109,MT,Wibaux County,1034
30111,MT,Yellowstone County,160137
31001,NE,Adams County,31511
31003,NE,Antelope County,6336
31005,NE,Arthur County,465
31007,NE,Banner County,730
31009,NE,Blaine County,476
31011,NE,Boone County,5239
31013,NE,Box Butte County,10772
31015,NE,Boyd County,1955
31017,NE,Brown County,2973
31019,NE,Buffalo County,49615
31021,NE,Burt County,6488
31023,NE,Butler County,8058
31027,NE,Cedar County,8446
31029,NE,Chase County,3977
31031,NE,Cherry County,5761
31033,NE,Cheyenne County,9310
31035,NE,Clay County,6214
31037,NE,Colfax County,10881
31039,NE,Cuming County,8940
31041,NE,Custer County,10840
31043,NE,Dakota County,20083
31045,NE,Dawes County,8716
31047,NE,Dawson County,23709
31049,NE,Deuel County,1825
31051,NE,Dixon County,5709
31053,NE,Dodge County,36791
31057,NE,Dundy County,1770
31059,NE,Fillmore County,5527
31061,NE,Franklin County,3023
31063,NE,Frontier County,2608
31065,NE,Furnas County,4715
31067,NE,Gage County,21493
31069,NE,Garden County,1897
31071,NE,Garfield County,1987
31073,NE,Gosper County,1996
31075,NE,Grant County,660
31077,NE,Greeley County,2356
31079,NE,Hall County,61607
31081,NE,Hamilton County,9280
31083,NE,Harlan County,3401
31085,NE,Hayes County,916
31087,NE,Hitchcock County,2806
31089,NE,Holt County,10178
31091,NE,Hooker County,682
31093,NE,Howard County,6468
31095,NE,Jefferson County,7097
31097,NE,Johnson County,5134
31099,NE,Kearney County,6544
31103,NE,Keya Paha County,810
31105,NE,Kimball County,3618
31107,NE,Knox County,8419
31113,NE,Logan County,749
31115,NE,Loup County,618
31117,NE,McPherson County,492
31119,NE,Madison County,35392
31121,NE,Merrick County,7733
31123,NE,Morrill County,4686
31125,NE,Nance County,3532
31129,NE,Nuckolls County,4195
31131,NE,Otoe County,15985
31133,NE,Pawnee County,2632
31135,NE,Perkins County,2929
31137,NE,Phelps County,8996
31141,NE,Platte County,33363
31143,NE,Polk County,5278
31145,NE,Red Willow County,10726
31147,NE,Richardson County,7937
31149,NE,Rock County,1360
31151,NE,Saline County,14350
31155,NE,Saunders County,21303
31157,NE,Scotts Bluff County,35989
31159,NE,Seward County,17318
31161,NE,Sheridan County,5190
31163,NE,Sherman County,3038
31165,NE,Sioux County,1187
31167,NE,Stanton County,5970
31169,NE,Thayer County,5039
31171,NE,Thomas County,720
31173,NE,Thurston County,7303
31177,NE,Washington County,20667
31179,NE,Wayne County,9403
31181,NE,Webster County,3533
31183,NE,Wheeler County,805
32001,NV,Churchill County,24440
32005,NV,Douglas County,48467
32009,NV,Esmeralda County,826
32011,NV,Eureka County,2003
32013,NV,Humboldt County,16786
32015,NV,Lander County,5575
32017,NV,Lincoln County,5201
32021,NV,Mineral County,4514
32027,NV,Pershing County,6666
32033,NV,White Pine County,9475
33003,NH,Carroll County,48779
33005,NH,Cheshire County,76493
33007,NH,Coos County,31589
33009,NH,Grafton County,89786
33011,NH,Hillsborough County,415247
33013,NH,Merrimack County,151132
33015,NH,Rockingham County,309176
33017,NH,Strafford County,130090
33019,NH,Sullivan County,43144
34001,NJ,Atlantic County,265429
34003,NJ,Bergen County,936692
34005,NJ,Burlington County,445384
34007,NJ,Camden County,507078
34009,NJ,Cape May County,92560
34011,NJ,Cumberland County,150972
34013,NJ,Essex County,799767
34015,NJ,Gloucester County,291408
34017,NJ,Hudson County,676061
34019,NJ,Hunterdon County,124714
34021,NJ,Mercer County,369811
34023,NJ,Middlesex County,829685
34027,NJ,Morris County,494228
34029,NJ,Ocean County,601651
34031,NJ,Passaic County,503310
34033,NJ,Salem County,62607
34035,NJ,Somerset County,331164
34037,NJ,Sussex County,140799
34039,NJ,Union County,558067
34041,NJ,Warren County,105779
35003,NM,Catron County,3578
35005,NM,Chaves County,64689
35006,NM,Cibola County,26746
35007,NM,Colfax County,12110
35009,NM,Curry County,49437
35011,NM,De Baca County,1781
35015,NM,Eddy County,57900
35019,NM,Guadalupe County,4341
35021,NM,Harding County,655
35023,NM,Hidalgo County,4240
35028,NM,Los Alamos County,19101
35029,NM,Luna County,23963
35031,NM,McKinley County,72290
35033,NM,Mora County,4506
35035,NM,Otero County,66781
35037,NM,Quay County,8253
35039,NM,Rio Arriba County,39006
35047,NM,San Miguel County,27591
35051,NM,Sierra County,10968
35053,NM,Socorro County,16735
35055,NM,Taos County,32835
35057,NM,Torrance County,15591
35059,NM,Union County,4118
35061,NM,Valencia County,76456
36003,NY,Allegany County,46430
36009,NY,Cattaraugus County,76840
36017,NY,Chenango County,47536
36019,NY,Clinton County,80695
36021,NY,Columbia County,59916
36023,NY,Cortland County,47823
36031,NY,Essex County,37300
36033,NY,Franklin County,50293
36037,NY,Genesee County,57511
36043,NY,Herkimer County,61833
36051,NY,Livingston County,63227
36057,NY,Montgomery County,49455
36063,NY,Niagara County,210433
36073,NY,Orleans County,40612
36075,NY,Oswego County,117898
36089,NY,St. Lawrence County,108047
36095,NY,Schoharie County,31097
36113,NY,Warren County,64265
36121,NY,Wyoming County,40085
36123,NY,Yates County,24841
37005,NC,Alleghany County,11161
37007,NC,Anson County,24877
37009,NC,Ashe County,27109
37015,NC,Bertie County,19026
37017,NC,Bladen County,33190
37021,NC,Buncombe County,259103
37023,NC,Burke County,90382
37027,NC,Caldwell County,82029
37035,NC,Catawba County,158652
37039,NC,Cherokee County,28383
37043,NC,Clay County,11139
37045,NC,Cleveland County,97645
37047,NC,Columbus County,55655
37049,NC,Craven County,102912
37061,NC,Duplin County,58856
37065,NC,Edgecombe County,52005
37069,NC,Franklin County,67560
37073,NC,Gates County,11573
37075,NC,Graham County,8484
37077,NC,Granville County,60115
37083,NC,Halifax County,50574
37091,NC,Hertford County,23659
37095,NC,Hyde County,5230
37099,NC,Jackson County,43327
37105,NC,Lee County,61452
37107,NC,Lenoir County,55976
37111,NC,McDowell County,45507
37113,NC,Macon County,35285
37115,NC,Madison County,21763
37117,NC,Martin County,22671
37121,NC,Mitchell County,15000
37123,NC,Montgomery County,27271
37137,NC,Pamlico County,12670
37139,NC,Pasquotank County,39639
37143,NC,Perquimans County,13422
37149,NC,Polk County,20611
37153,NC,Richmond County,44887
37155,NC,Robeson County,131831
37161,NC,Rutherford County,66826
37163,NC,Sampson County,63626
37165,NC,Scotland County,34810
37171,NC,Surry County,71948
37173,NC,Swain County,14245
37175,NC,Transylvania County,34215
37177,NC,Tyrrell County,4131
37181,NC,Vance County,44582
37185,NC,Warren County,19807
37187,NC,Washington County,11859
37189,NC,Watauga County,55945
37191,NC,Wayne County,123248
37193,NC,Wilkes County,68557
37195,NC,Wilson County,81455
37199,NC,Yancey County,17903
38001,ND,Adams County,2294
38003,ND,Barnes County,10542
38007,ND,Billings County,919
38009,ND,Bottineau County,6411
38011,ND,Bowman County,3076
38013,ND,Burke County,2100
38015,ND,Burleigh County,95273
38019,ND,Cavalier County,3829
38021,ND,Dickey County,4903
38023,ND,Divide County,2283
38025,ND,Dunn County,4332
38027,ND,Eddy County,2313
38029,ND,Emmons County,3295
38031,ND,Foster County,3216
38033,ND,Golden Valley County,1769
38035,ND,Grand Forks County,70770
38037,ND,Grant County,2374
38039,ND,Griggs County,2232
38043,ND,Kidder County,2450
38045,ND,LaMoure County,4062
38047,ND,Logan County,1903
38049,ND,McHenry County,5816
38051,ND,McIntosh County,2585
38053,ND,McKenzie County,13632
38055,ND,McLean County,9541
38057,ND,Mercer County,8267
38061,ND,Mountrail County,10218
38063,ND,Nelson County,2869
38065,ND,Oliver County,1952
38067,ND,Pembina County,6947
38069,ND,Pierce County,4081
38073,ND,Ransom County,5237
38075,ND,Renville County,2374
38077,ND,Richland County,16239
38079,ND,Rolette County,14301
38081,ND,Sargent County,3870
38083,ND,Sheridan County,1349
38085,ND,Sioux County,4358
38087,ND,Slope County,763
38091,ND,Steele County,1903
38093,ND,Stutsman County,20917
38095,ND,Towner County,2192
38097,ND,Traill County,8037
38099,ND,Walsh County,10667
38105,ND,Williams County,35350
39001,OH,Adams County,27724
39003,OH,Allen County,102663
39007,OH,Ashtabula County,97493
39009,OH,Athens County,65818
39013,OH,Belmont County,67505
39015,OH,Brown County,43602
39029,OH,Columbiana County,102665
39031,OH,Coshocton County,36629
39037,OH,Darke County,51323
39039,OH,Defiance County,38165
39047,OH,Fayette County,28666
39051,OH,Fulton County,42276
39053,OH,Gallia County,29979
39059,OH,Guernsey County,39022
39065,OH,Hardin County,31480
39067,OH,Harrison County,15174
39071,OH,Highland County,43058
39073,OH,Hocking County,28385
39075,OH,Holmes County,43892
39077,OH,Huron County,58504
39079,OH,Jackson County,32384
39081,OH,Jefferson County,65767
39083,OH,Knox County,61893
39087,OH,Lawrence County,59866
39101,OH,Marion County,65256
39103,OH,Medina County,179146
39105,OH,Meigs County,23106
39107,OH,Mercer County,40959
39111,OH,Monroe County,13790
39115,OH,Morgan County,14604
39119,OH,Muskingum County,86183
39121,OH,Noble County,14354
39125,OH,Paulding County,18760
39127,OH,Perry County,36033
39129,OH,Pickaway County,58086
39131,OH,Pike County,28067
39137,OH,Putnam County,33780
39139,OH,Richland County,121099
39143,OH,Sandusky County,58799
39145,OH,Scioto County,75502
39149,OH,Shelby County,48627
39159,OH,Union County,57835
39163,OH,Vinton County,13139
39167,OH,Washington County,60155
39175,OH,Wyandot County,21935
40001,OK,Adair County,22082
40003,OK,Alfalfa County,5754
40005,OK,Atoka County,13838
40007,OK,Beaver County,5319
40009,OK,Beckham County,21709
40011,OK,Blaine County,9485
40013,OK,Bryan County,47192
40015,OK,Caddo County,28977
40019,OK,Carter County,48177
40023,OK,Choctaw County,14668
40025,OK,Cimarron County,2153
40029,OK,Coal County,5520
40033,OK,Cotton County,5776
40035,OK,Craig County,14306
40039,OK,Custer County,29036
40041,OK,Delaware County,42733
40043,OK,Dewey County,4894
40045,OK,Ellis County,3952
40047,OK,Garfield County,60913
40049,OK,Garvin County,27811
40051,OK,Grady County,55551
40053,OK,Grant County,4326
40055,OK,Greer County,5821
40057,OK,Harmon County,2664
40059,OK,Harper County,3797
40061,OK,Haskell County,12668
40063,OK,Hughes County,13335
40067,OK,Jefferson County,6123
40069,OK,Johnston County,10949
40071,OK,Kay County,44161
40073,OK,Kingfisher County,15816
40075,OK,Kiowa County,8729
40077,OK,Latimer County,10231
40079,OK,Le Flore County,49980
40081,OK,Lincoln County,34920
40083,OK,Logan County,47291
40085,OK,Love County,10134
40089,OK,McCurtain County,32703
40091,OK,McIntosh County,19815
40093,OK,Major County,7644
40095,OK,Marshall County,16806
40099,OK,Murray County,13953
40103,OK,Noble County,11289
40105,OK,Nowata County,10218
40107,OK,Okfuskee County,12098
40111,OK,Okmulgee County,38335
40113,OK,Osage County,47014
40115,OK,Ottawa County,31175
40117,OK,Pawnee County,16390
40119,OK,Payne County,82040
40121,OK,Pittsburg County,43877
40123,OK,Pontotoc County,38247
40125,OK,Pottawatomie County,72679
40127,OK,Pushmataha County,11179
40129,OK,Roger Mills County,3656
40137,OK,Stephens County,43265
40139,OK,Texas County,20455
40141,OK,Tillman County,7348
40149,OK,Washita County,11127
40151,OK,Woods County,8897
40153,OK,Woodward County,20222
41001,OR,Baker County,16006
41003,OR,Benton County,92101
41007,OR,Clatsop County,39764
41009,OR,Columbia County,52377
41011,OR,Coos County,64389
41013,OR,Crook County,23867
41015,OR,Curry County,22813
41017,OR,Deschutes County,191996
41021,OR,Gilliam County,1894
41023,OR,Grant County,7176
41025,OR,Harney County,7329
41027,OR,Hood River County,23428
41031,OR,Jefferson County,24192
41033,OR,Josephine County,87393
41037,OR,Lake County,7879
41041,OR,Lincoln County,49388
41043,OR,Linn County,127335
41045,OR,Malheur County,30725
41049,OR,Morrow County,11372
41053,OR,Polk County,85234
41055,OR,Sherman County,1708
41057,OR,Tillamook County,26787
41059,OR,Umatilla County,77516
41061,OR,Union County,26461
41063,OR,Wallowa County,7081
41065,OR,Wasco County,26505
41069,OR,Wheeler County,1366
41071,OR,Yamhill County,107002
42005,PA,Armstrong County,65263
42015,PA,Bradford County,60833
42021,PA,Cambria County,131730
42023,PA,Cameron County,4492
42031,PA,Clarion County,38779
42035,PA,Clinton County,38684
42053,PA,Forest County,7279
42059,PA,Greene County,36506
42065,PA,Jefferson County,43641
42083,PA,McKean County,40968
42093,PA,Montour County,18240
42105,PA,Potter County,16622
42109,PA,Snyder County,40540
42113,PA,Sullivan County,6071
42117,PA,Tioga County,40763
42119,PA,Union County,44785
42123,PA,Warren County,39498
42131,PA,Wyoming County,27046
44001,RI,Bristol County,48649
44003,RI,Kent County,163861
44005,RI,Newport County,82542
44007,RI,Providence County,636084
44009,RI,Washington County,126179
45005,SC,Allendale County,8903
45009,SC,Bamberg County,14275
45011,SC,Barnwell County,21112
45017,SC,Calhoun County,14520
45023,SC,Chester County,32251
45027,SC,Clarendon County,33700
45029,SC,Colleton County,37660
45033,SC,Dillon County,30599
45035,SC,Dorchester County,160647
45037,SC,Edgefield County,27052
45047,SC,Greenwood County,70741
45049,SC,Hampton County,19351
45053,SC,Jasper County,28971
45057,SC,Lancaster County,95380
45065,SC,McCormick County,9410
45067,SC,Marion County,31039
45069,SC,Marlboro County,26398
45071,SC,Newberry County,38520
45081,SC,Saluda County,20544
45087,SC,Union County,27410
45089,SC,Williamsburg County,30606
46003,SD,Aurora County,2801
46005,SD,Beadle County,18883
46007,SD,Bennett County,3468
46009,SD,Bon Homme County,6980
46011,SD,Brookings County,35232
46013,SD,Brown County,39316
46015,SD,Brule County,5229
46017,SD,Buffalo County,2036
46019,SD,Butte County,10222
46021,SD,Campbell County,1377
46023,SD,Charles Mix County,9338
46025,SD,Clark County,3739
46027,SD,Clay County,14041
46029,SD,Codington County,28015
46031,SD,Corson County,4165
46033,SD,Custer County,8726
46037,SD,Day County,5505
46039,SD,Deuel County,4337
46041,SD,Dewey County,5904
46043,SD,Douglas County,2935
46045,SD,Edmunds County,3875
46047,SD,Fall River County,6758
46049,SD,Faulk County,2330
46051,SD,Grant County,7147
46053,SD,Gregory County,4212
46055,SD,Haakon County,1918
46057,SD,Hamlin County,6111
46059,SD,Hand County,3262
46061,SD,Hanson County,3376
46063,SD,Harding County,1249
46065,SD,Hughes County,17650
46067,SD,Hutchinson County,7380
46069,SD,Hyde County,1282
46071,SD,Jackson County,3307
46073,SD,Jerauld County,2043
46075,SD,Jones County,928
46077,SD,Kingsbury County,4919
46079,SD,Lake County,13057
46081,SD,Lawrence County,25741
46085,SD,Lyman County,3821
46087,SD,McCook County,5546
46089,SD,McPherson County,2407
46091,SD,Marshall County,5112
46093,SD,Meade County,28294
46095,SD,Mellette County,2042
46097,SD,Miner County,2213
46102,SD,Oglala Lakota County,14309
46105,SD,Perkins County,2922
46107,SD,Potter County,2207
46109,SD,Roberts County,10447
46111,SD,Sanborn County,2429
46115,SD,Spink County,6495
46117,SD,Stanley County,3022
46119,SD,Sully County,1392
46121,SD,Todd County,10283
46123,SD,Tripp County,5478
46125,SD,Turner County,8424
46129,SD,Walworth County,5587
46135,SD,Yankton County,22869
46137,SD,Ziebach County,2742
47001,TN,Anderson County,76482
47005,TN,Benton County,16184
47007,TN,Bledsoe County,14755
47011,TN,Bradley County,106727
47013,TN,Campbell County,39583
47015,TN,Cannon County,14462
47017,TN,Carroll County,28020
47023,TN,Chester County,17276
47025,TN,Claiborne County,31756
47027,TN,Clay County,7717
47031,TN,Coffee County,55700
47033,TN,Crockett County,14328
47039,TN,Decatur County,11706
47041,TN,DeKalb County,20138
47043,TN,Dickson County,53446
47045,TN,Dyer County,37320
47049,TN,Fentress County,18217
47053,TN,Gibson County,49045
47057,TN,Grainger County,23145
47059,TN,Greene County,69087
47061,TN,Grundy County,13346
47067,TN,Hancock County,6549
47071,TN,Hardin County,25776
47073,TN,Hawkins County,56530
47075,TN,Haywood County,17335
47077,TN,Henderson County,27847
47079,TN,Henry County,32358
47081,TN,Hickman County,25063
47085,TN,Humphreys County,18486
47087,TN,Jackson County,11758
47091,TN,Johnson County,17778
47095,TN,Lake County,7411
47097,TN,Lauderdale County,25825
47099,TN,Lawrence County,43734
47101,TN,Lewis County,12086
47103,TN,Lincoln County,34117
47105,TN,Loudon County,53054
47109,TN,McNairy County,25832
47111,TN,Macon County,24265
47113,TN,Madison County,97605
47115,TN,Marion County,28575
47119,TN,Maury County,94340
47123,TN,Monroe County,46357
47129,TN,Morgan County,21579
47131,TN,Obion County,30267
47133,TN,Overton County,22068
47135,TN,Perry County,8064
47137,TN,Pickett County,5082
47141,TN,Putnam County,78843
47143,TN,Rhea County,33044
47145,TN,Roane County,53140
47147,TN,Robertson County,71012
47151,TN,Scott County,22039
47159,TN,Smith County,19942
47161,TN,Stewart County,13561
47167,TN,Tipton County,61581
47169,TN,Trousdale County,11012
47171,TN,Unicoi County,17761
47173,TN,Union County,19688
47175,TN,Van Buren County,5765
47177,TN,Warren County,40878
47181,TN,Wayne County,16558
47183,TN,Weakley County,33415
47185,TN,White County,27107
47189,TN,Wilson County,140625
48001,TX,Anderson County,58057
48003,TX,Andrews County,18128
48005,TX,Angelina County,87092
48007,TX,Aransas County,23792
48009,TX,Archer County,8786
48011,TX,Armstrong County,1892
48015,TX,Austin County,29989
48017,TX,Bailey County,7027
48023,TX,Baylor County,3582
48025,TX,Bee County,32587
48031,TX,Blanco County,11702
48033,TX,Borden County,648
48037,TX,Bowie County,94324
48043,TX,Brewster County,9267
48045,TX,Briscoe County,1516
48047,TX,Brooks County,7114
48049,TX,Brown County,37924
48051,TX,Burleson County,18389
48057,TX,Calhoun County,21561
48059,TX,Callahan County,13994
48061,TX,Cameron County,423908
48063,TX,Camp County,13033
48065,TX,Carson County,6005
48067,TX,Cass County,30119
48069,TX,Castro County,7665
48071,TX,Chambers County,42454
48073,TX,Cherokee County,52592
48075,TX,Childress County,7291
48077,TX,Clay County,10456
48079,TX,Cochran County,2836
48081,TX,Coke County,3370
48083,TX,Coleman County,8397
48087,TX,Collingsworth County,2962
48093,TX,Comanche County,13534
48095,TX,Concho County,4276
48103,TX,Crane County,4794
48105,TX,Crockett County,3499
48107,TX,Crosby County,5779
48109,TX,Culberson County,2204
48111,TX,Dallam County,7200
48115,TX,Dawson County,12619
48117,TX,Deaf Smith County,18760
48123,TX,DeWitt County,20187
48125,TX,Dickens County,2249
48127,TX,Dimmit County,10308
48129,TX,Donley County,3319
48131,TX,Duval County,11212
48133,TX,Eastland County,18322
48137,TX,Edwards County,1928
48143,TX,Erath County,42446
48145,TX,Falls County,17335
48147,TX,Fannin County,35286
48149,TX,Fayette County,25349
48151,TX,Fisher County,3839
48153,TX,Floyd County,5837
48155,TX,Foard County,1200
48159,TX,Franklin County,10766
48161,TX,Freestone County,19808
48163,TX,Frio County,19816
48169,TX,Garza County,6578
48171,TX,Gillespie County,26804
48173,TX,Glasscock County,1388
48175,TX,Goliad County,7584
48179,TX,Gray County,21895
48181,TX,Grayson County,133991
48183,TX,Gregg County,123707
48185,TX,Grimes County,28360
48189,TX,Hale County,33830
48191,TX,Hall County,3028
48193,TX,Hamilton County,8484
48195,TX,Hansford County,5463
48197,TX,Hardeman County,3922
48199,TX,Hardin County,57207
48203,TX,Harrison County,66726
48205,TX,Hartley County,5619
48207,TX,Haskell County,5813
48211,TX,Hemphill County,3825
48217,TX,Hill County,36354
48219,TX,Hockley County,22980
48221,TX,Hood County,60537
48223,TX,Hopkins County,36810
48225,TX,Houston County,23169
48227,TX,Howard County,36459
48229,TX,Hudspeth County,4795
48231,TX,Hunt County,96493
48233,TX,Hutchinson County,21198
48235,TX,Irion County,1522
48237,TX,Jack County,8843
48239,TX,Jackson County,14874
48241,TX,Jasper County,35872
48243,TX,Jeff Davis County,2252
48247,TX,Jim Hogg County,5248
48249,TX,Jim Wells County,40822
48251,TX,Johnson County,171361
48253,TX,Jones County,19817
48255,TX,Karnes County,15650
48261,TX,Kenedy County,442
48267,TX,Kimble County,4362
48269,TX,King County,277
48273,TX,Kleberg County,31129
48275,TX,Knox County,3653
48277,TX,Lamar County,49728
48279,TX,Lamb County,13158
48281,TX,Lampasas County,21229
48283,TX,La Salle County,7531
48285,TX,Lavaca County,20110
48287,TX,Lee County,17144
48289,TX,Leon County,17270
48291,TX,Liberty County,86323
48293,TX,Limestone County,23519
48295,TX,Lipscomb County,3355
48299,TX,Llano County,21646
48301,TX,Loving County,152
48305,TX,Lynn County,5877
48307,TX,McCulloch County,7987
48311,TX,McMullen County,749
48313,TX,Madison County,14422
48315,TX,Marion County,9928
48317,TX,Martin County,5753
48319,TX,Mason County,4280
48321,TX,Matagorda County,36552
48323,TX,Maverick County,58485
48327,TX,Menard County,2139
48329,TX,Midland County,172578
48331,TX,Milam County,25131
48333,TX,Mills County,4921
48335,TX,Mitchell County,8145
48337,TX,Montague County,19596
48341,TX,Moore County,21485
48345,TX,Motley County,1234
48347,TX,Nacogdoches County,65711
48351,TX,Newton County,13746
48353,TX,Nolan County,14751
48357,TX,Ochiltree County,9947
48359,TX,Oldham County,2131
48361,TX,Orange County,83572
48363,TX,Palo Pinto County,28875
48365,TX,Panola County,23148
48369,TX,Parmer County,9864
48371,TX,Pecos County,15673
48373,TX,Polk County,50031
48377,TX,Presidio County,6948
48379,TX,Rains County,12159
48381,TX,Randall County,136271
48383,TX,Reagan County,3741
48385,TX,Real County,3478
48387,TX,Red River County,12175
48389,TX,Reeves County,15695
48391,TX,Refugio County,7032
48393,TX,Roberts County,903
48395,TX,Robertson County,17284
48399,TX,Runnels County,10234
48401,TX,Rusk County,54450
48403,TX,Sabine County,10589
48405,TX,San Augustine County,8232
48411,TX,San Saba County,6054
48413,TX,Schleicher County,2895
48415,TX,Scurry County,16866
48417,TX,Shackelford County,3253
48419,TX,Shelby County,25418
48421,TX,Sherman County,3079
48425,TX,Somervell County,9016
48427,TX,Starr County,64525
48431,TX,Sterling County,1311
48433,TX,Stonewall County,1362
48435,TX,Sutton County,3758
48437,TX,Swisher County,7462
48441,TX,Taylor County,137640
48443,TX,Terrell County,823
48445,TX,Terry County,12287
48447,TX,Throckmorton County,1515
48449,TX,Titus County,33033
48451,TX,Tom Green County,118189
48457,TX,Tyler County,21696
48459,TX,Upshur County,41260
48461,TX,Upton County,3671
48463,TX,Uvalde County,26846
48465,TX,Val Verde County,49208
48469,TX,Victoria County,92035
48471,TX,Walker County,72480
48473,TX,Waller County,53126
48475,TX,Ward County,11720
48477,TX,Washington County,35108
48479,TX,Webb County,275910
48481,TX,Wharton County,41619
48483,TX,Wheeler County,5191
48487,TX,Wilbarger County,12820
48489,TX,Willacy County,21515
48493,TX,Wilson County,50224
48495,TX,Winkler County,7720
48499,TX,Wood County,45129
48501,TX,Yoakum County,8591
48503,TX,Young County,18045
48505,TX,Zapata County,14190
48507,TX,Zavala County,11983
49001,UT,Beaver County,6580
49003,UT,Box Elder County,54950
49007,UT,Carbon County,20269
49009,UT,Daggett County,980
49013,UT,Duchesne County,19964
49015,UT,Emery County,10014
49017,UT,Garfield County,5080
49019,UT,Grand County,9764
49021,UT,Iron County,52775
49023,UT,Juab County,11555
49025,UT,Kane County,7709
49027,UT,Millard County,13006
49029,UT,Morgan County,12045
49031,UT,Piute County,1445
49033,UT,Rich County,2464
49039,UT,Sanpete County,30623
49041,UT,Sevier County,21539
49045,UT,Tooele County,69907
49047,UT,Uintah County,35438
49051,UT,Wasatch County,33240
49055,UT,Wayne County,2690
50001,VT,Addison County,36973
50003,VT,Bennington County,35631
50005,VT,Caledonia County,30302
50007,VT,Chittenden County,164572
50009,VT,Essex County,6250
50011,VT,Franklin County,49421
50013,VT,Grand Isle County,7090
50015,VT,Lamoille County,25300
50017,VT,Orange County,28999
50019,VT,Orleans County,26907
50021,VT,Rutland County,58672
50023,VT,Washington County,58140
50023,VT,Washington County,58140
50025,VT,Windham County,42756
50027,VT,Windsor County,55286
51001,VA,Accomack County,32412
51005,VA,Alleghany County,14910
51007,VA,Amelia County,13013
51009,VA,Amherst County,31666
51011,VA,Appomattox County,15841
51017,VA,Bath County,4292
51019,VA,Bedford County,78747
51021,VA,Bland County,6293
51023,VA,Botetourt County,33277
51025,VA,Brunswick County,16384
51027,VA,Buchanan County,21221
51029,VA,Buckingham County,16999
51031,VA,Campbell County,54973
51033,VA,Caroline County,30772
51035,VA,Carroll County,29636
51037,VA,Charlotte County,11938
51043,VA,Clarke County,14523
51045,VA,Craig County,5064
51049,VA,Cumberland County,9809
51051,VA,Dickenson County,14523
51053,VA,Dinwiddie County,28529
51057,VA,Essex County,10919
51063,VA,Floyd County,15795
51065,VA,Fluvanna County,26783
51067,VA,Franklin County,56195
51069,VA,Frederick County,88355
51071,VA,Giles County,16844
51077,VA,Grayson County,15631
51081,VA,Greensville County,11627
51083,VA,Halifax County,34120
51085,VA,Hanover County,107239
51089,VA,Henry County,50953
51091,VA,Highland County,2210
51093,VA,Isle of Wight County,36953
51095,VA,James City County,76397
51099,VA,King George County,26575
51101,VA,King William County,16939
51103,VA,Lancaster County,10783
51105,VA,Lee County,23541
51109,VA,Louisa County,36778
51111,VA,Lunenburg County,12086
51113,VA,Madison County,13295
51115,VA,Mathews County,8802
51117,VA,Mecklenburg County,30650
51119,VA,Middlesex County,10769
51125,VA,Nelson County,14836
51127,VA,New Kent County,22391
51131,VA,Northampton County,11735
51135,VA,Nottoway County,15420
51137,VA,Orange County,36644
51139,VA,Page County,23933
51141,VA,Patrick County,17673
51143,VA,Pittsylvania County,60949
51147,VA,Prince Edward County,22950
51149,VA,Prince George County,38082
51155,VA,Pulaski County,34066
51157,VA,Rappahannock County,7252
51159,VA,Richmond County,9038
51163,VA,Rockbridge County,22752
51167,VA,Russell County,26748
51169,VA,Scott County,21534
51171,VA,Shenandoah County,43497
51173,VA,Smyth County,30472
51175,VA,Southampton County,17586
51181,VA,Surry County,6474
51183,VA,Sussex County,11237
51185,VA,Tazewell County,40855
51187,VA,Warren County,40003
51191,VA,Washington County,54402
51195,VA,Wise County,38012
51197,VA,Wythe County,28754
53001,WA,Adams County,19759
53003,WA,Asotin County,22610
53013,WA,Columbia County,4059
53015,WA,Cowlitz County,108987
53017,WA,Douglas County,42907
53019,WA,Ferry County,7649
53021,WA,Franklin County,94347
53023,WA,Garfield County,2247
53025,WA,Grant County,97331
53027,WA,Grays Harbor County,73901
53031,WA,Jefferson County,31729
53037,WA,Kittitas County,47364
53039,WA,Klickitat County,22107
53041,WA,Lewis County,79604
53043,WA,Lincoln County,10740
53045,WA,Mason County,65507
53047,WA,Okanogan County,42132
53051,WA,Pend Oreille County,13602
53055,WA,San Juan County,17128
53057,WA,Skagit County,128206
53059,WA,Skamania County,11924
53065,WA,Stevens County,45260
53069,WA,Wahkiakum County,4426
53073,WA,Whatcom County,225685
54003,WV,Berkeley County,117123
54005,WV,Boone County,21951
54007,WV,Braxton County,14089
54009,WV,Brooke County,22203
54011,WV,Cabell County,93224
54013,WV,Calhoun County,7254
54017,WV,Doddridge County,8406
54021,WV,Gilmer County,8026
54023,WV,Grant County,11626
54025,WV,Greenbrier County,34786
54027,WV,Hampshire County,23347
54031,WV,Hardy County,13775
54035,WV,Jackson County,28706
54041,WV,Lewis County,16024
54043,WV,Lincoln County,20599
54045,WV,Logan County,32607
54047,WV,McDowell County,18223
54053,WV,Mason County,26718
54057,WV,Mineral County,26940
54059,WV,Mingo County,23785
54063,WV,Monroe County,13280
54067,WV,Nicholas County,24842
54069,WV,Ohio County,41755
54071,WV,Pendleton County,6997
54073,WV,Pleasants County,7507
54075,WV,Pocahontas County,8414
54077,WV,Preston County,33839
54079,WV,Putnam County,56682
54081,WV,Raleigh County,74254
54083,WV,Randolph County,28823
54087,WV,Roane County,13932
54089,WV,Summers County,12760
54093,WV,Tucker County,6955
54095,WV,Tyler County,8746
54097,WV,Upshur County,24415
54099,WV,Wayne County,39944
54101,WV,Webster County,8285
54103,WV,Wetzel County,15270
54105,WV,Wirt County,5830
54109,WV,Wyoming County,20786
55001,WI,Adams County,20348
55003,WI,Ashland County,15600
55007,WI,Bayfield County,15042
55011,WI,Buffalo County,13125
55013,WI,Burnett County,15392
55017,WI,Chippewa County,64135
55019,WI,Clark County,34709
55021,WI,Columbia County,57358
55023,WI,Crawford County,16291
55027,WI,Dodge County,87847
55029,WI,Door County,27610
55031,WI,Douglas County,43208
55037,WI,Florence County,4321
55041,WI,Forest County,8991
55043,WI,Grant County,51554
55047,WI,Green Lake County,18918
55049,WI,Iowa County,23771
55051,WI,Iron County,5676
55053,WI,Jackson County,20478
55055,WI,Jefferson County,85129
55061,WI,Kewaunee County,20383
55065,WI,Lafayette County,16665
55067,WI,Langlade County,19268
55077,WI,Marquette County,15434
55078,WI,Menominee County,4658
55081,WI,Monroe County,46051
55083,WI,Oconto County,37830
55085,WI,Oneida County,35470
55091,WI,Pepin County,7289
55093,WI,Pierce County,42555
55095,WI,Polk County,43598
55097,WI,Portage County,70942
55099,WI,Price County,13397
55101,WI,Racine County,196584
55103,WI,Richland County,17377
55107,WI,Rusk County,14147
55111,WI,Sauk County,64249
55113,WI,Sawyer County,16489
55115,WI,Shawano County,40796
55119,WI,Taylor County,20412
55121,WI,Trempealeau County,29442
55123,WI,Vernon County,30785
55125,WI,Vilas County,21938
55129,WI,Washburn County,15878
55135,WI,Waupaca County,51128
55137,WI,Waushara County,24263
55139,WI,Winnebago County,171020
55141,WI,Wood County,73055
56001,WY,Albany County,38601
56009,WY,Converse County,13640
56013,WY,Fremont County,39531
56015,WY,Goshen County,13376
56017,WY,Hot Springs County,4555
56019,WY,Johnson County,8460
56023,WY,Lincoln County,19434
56027,WY,Niobrara County,2388
56029,WY,Park County,29324
56031,WY,Platte County,8566
56035,WY,Sublette County,9813
56041,WY,Uinta County,20299
56043,WY,Washakie County,7885
56045,WY,Weston County,6967
